file_id,1_texture,1_pores,1_spot,1_saggy,1_clear,1_melanin,1_wrinkles
0001,3,2,3,3,4,3,3
0002,2,3,2,3,2,2,3
0003,2,3,2,3,2,2,3
0004,3,3,3,3,3,3,3
0005,3,3,2,2,3,3,3
0006,4,4,1,4,2,1,4
0007,3,3,2,3,3,2,4
0008,2,3,1,2,1,1,1
0009,3,2,3,3,3,3,2
0010,4,3,3,4,4,3,4
0011,2,1,3,4,3,3,3
0012,4,2,3,4,4,3,4
0013,4,4,2,4,3,2,4
0014,2,2,3,3,3,3,3
0015,4,3,4,4,4,3,4
0016,3,3,1,3,3,2,3
0017,4,3,3,4,3,3,4
0018,3,3,2,4,3,2,3
0019,2,3,2,2,1,2,3
0020,3,3,2,2,2,2,3
0021,2,2,3,3,2,2,3
0022,2,2,3,2,2,3,1
0023,3,2,3,3,3,3,2
0024,3,3,2,3,2,2,3
0025,2,2,2,3,3,2,3
0026,3,3,2,4,3,3,4
0027,3,2,2,3,2,2,3
0028,4,4,2,4,3,2,3
0029,2,3,2,1,2,2,1
0030,3,2,2,3,2,2,3
0031,2,2,4,2,3,3,2
0032,3,3,2,3,3,2,3
0033,3,2,2,3,2,2,3
0034,2,2,1,2,1,1,2
0035,3,3,2,2,3,3,3
0036,4,4,3,4,4,3,4
0037,3,3,3,4,2,2,3
0038,4,3,2,4,2,2,3
0039,3,3,2,3,2,2,3
0040,4,3,3,4,3,3,4
0041,4,4,3,4,4,3,4
0042,3,3,2,1,2,2,1
0043,2,2,1,1,2,1,1
0044,2,2,1,1,2,1,1
0045,3,4,4,3,3,2,3
0046,2,1,3,1,2,2,1
0047,1,1,1,1,2,1,1
0048,3,3,3,3,3,3,3
0049,4,3,4,2,3,3,3
0050,2,2,3,1,3,3,1
0051,3,3,4,1,3,3,1
0052,3,3,2,3,2,2,2
0053,3,4,3,4,3,3,4
0054,3,3,2,3,2,2,2
0055,3,3,3,3,3,3,3
0056,3,2,3,3,3,3,3
0057,3,2,2,3,2,2,2
0058,2,2,2,2,1,1,1
0059,3,3,3,2,3,2,2
0060,3,3,3,2,3,2,2
0061,3,3,4,4,3,4,4
0062,3,2,2,2,2,2,2
0063,3,3,2,2,3,2,2
0064,3,3,2,3,3,2,3
0065,3,2,3,2,3,2,3
0066,3,2,3,3,3,3,3
0067,4,4,3,4,3,3,4
0068,3,3,2,2,3,3,2
0069,2,2,1,2,1,1,2
0070,3,3,2,2,3,2,2
0071,3,2,2,3,3,2,3
0072,3,2,2,3,2,2,3
0073,3,2,2,3,2,2,3
0074,3,2,2,3,2,2,3
0075,4,4,1,4,2,1,3
0076,4,4,1,4,2,1,4
0077,3,2,2,3,2,2,3
0078,2,2,1,1,2,1,1
0079,3,3,2,2,2,2,2
0080,4,3,2,3,3,2,3
0081,4,3,2,4,2,2,4
0082,3,3,2,2,3,2,2
0083,2,2,2,3,2,2,3
0084,3,3,3,3,3,3,2
0085,3,3,3,4,3,3,4
0086,2,3,2,1,2,2,1
0087,3,2,3,3,4,3,3
0088,3,2,3,3,3,3,3
0089,3,3,2,3,3,2,3
0090,3,2,2,3,2,2,3
0091,3,3,3,2,3,2,2
0092,4,4,3,4,3,3,4
0093,3,3,2,3,3,2,3
0094,4,3,2,4,3,2,4
0095,3,3,3,3,3,3,3
0096,2,2,2,3,1,2,3
0097,4,3,3,4,4,3,4
0098,4,4,3,3,3,3,4
0099,4,3,3,4,4,3,4
0100,3,3,4,2,3,3,2
0101,4,4,3,4,3,2,3
0102,3,2,2,2,2,2,3
0103,3,2,1,2,2,1,2
0104,3,3,3,2,3,3,3
0105,3,2,2,3,2,2,3
0106,2,2,2,3,1,2,3
0107,3,2,2,2,2,2,2
0108,3,2,1,2,2,1,2
0109,3,3,3,4,3,3,4
0110,3,2,3,3,4,3,3
0111,3,3,2,3,3,2,3
0112,3,2,2,3,2,2,3
0113,2,2,1,2,1,1,2
0114,1,1,1,1,1,1,1
0115,4,4,3,4,3,3,3
0116,3,3,2,3,2,2,3
0117,2,2,2,2,2,2,2
0118,1,1,3,1,2,3,1
0119,4,4,3,4,4,3,4
0120,4,4,3,3,3,3,3
0121,4,4,4,4,4,3,3
0122,3,3,3,3,3,3,3
0123,3,3,2,3,2,2,3
0124,4,4,2,4,3,2,4
0125,2,2,2,2,2,2,2
0126,3,3,3,3,3,3,3
0127,3,3,3,4,3,3,4
0128,4,4,3,4,3,3,3
0129,3,2,3,3,2,3,2
0130,3,3,2,3,2,2,3
0131,2,2,2,2,2,2,2
0132,3,3,3,4,3,3,4
0133,3,2,2,3,2,2,2
0134,4,4,2,4,3,2,4
0135,3,3,2,3,2,2,3
0136,3,3,3,4,3,3,3
0137,3,3,2,4,2,2,3
0138,2,2,1,1,2,1,1
0139,3,3,2,3,3,2,2
0140,4,4,4,4,4,3,3
0141,3,3,3,3,3,3,3
0142,3,3,3,3,3,2,3
0143,3,3,3,2,3,3,3
0144,2,2,2,3,2,2,4
0145,3,3,3,3,3,3,3
0146,3,3,3,3,3,3,3
0147,3,3,4,3,3,3,3
0148,4,4,2,3,2,2,3
0149,3,3,2,2,3,2,2
0150,3,3,2,2,2,2,2
0151,2,2,2,4,2,2,3
0152,3,3,3,2,3,3,2
0153,3,2,2,3,2,2,3
0154,2,2,3,2,2,2,2
0155,4,4,4,4,4,3,3
0156,3,3,2,3,2,2,3
0157,3,3,2,2,2,2,3
0158,3,3,3,3,3,3,3
0159,4,4,3,4,4,3,4
0160,3,3,2,3,2,2,3
0161,2,2,2,3,2,2,3
0162,3,3,2,2,2,2,2
0163,3,3,2,3,2,2,3
0164,3,3,2,3,2,2,3
0165,4,4,2,4,3,2,4
0166,3,3,3,4,3,3,4
0167,3,3,2,4,3,2,4
0168,3,3,3,2,3,2,2
0169,3,3,3,3,3,2,3
0170,3,2,2,2,2,2,2
0171,2,2,2,4,2,2,3
0172,3,3,3,4,3,3,3
0173,4,3,2,3,3,2,3
0174,3,3,2,4,3,2,4
0175,3,3,2,3,2,2,3
0176,3,3,2,3,2,2,3
0177,2,2,2,1,2,2,1
0178,3,3,3,2,3,2,2
0179,2,3,2,1,2,2,1
0180,3,3,3,4,3,3,3
0181,4,3,2,3,3,2,3
0182,4,3,2,3,3,2,3
0183,3,3,2,4,3,2,3
0184,3,3,2,3,2,2,3
0185,3,3,1,3,1,1,2
0186,3,2,2,4,2,2,3
0187,3,3,2,4,3,2,3
0188,3,3,2,2,3,2,2
0189,3,2,2,3,2,2,3
0190,2,1,2,3,2,3,3
0191,3,3,2,2,2,2,1
0192,2,2,2,2,2,2,2
0193,4,4,2,4,3,2,3
0194,4,4,3,4,3,3,4
0195,3,2,3,3,3,3,3
0196,3,3,2,2,2,2,1
0197,3,3,2,4,2,2,3
0198,4,3,4,4,3,3,4
0199,3,3,2,4,2,2,3
0200,3,2,3,3,2,3,3
0201,3,3,3,2,3,3,2
0202,3,3,3,2,3,3,2
0203,2,2,2,1,2,2,1
0204,2,2,1,3,2,2,2
0205,4,4,3,4,4,3,4
0206,2,2,3,2,2,3,2
0207,3,2,3,3,3,3,3
0208,3,3,2,2,2,2,2
0209,3,3,2,3,3,2,2
0210,4,4,3,4,4,3,4
0211,3,3,2,4,2,2,3
0212,3,3,2,4,2,2,3
0213,3,3,2,2,3,2,2
0214,3,2,3,2,2,3,3
0215,4,4,2,4,3,2,4
0216,3,3,2,2,2,2,2
0217,4,4,3,4,4,3,4
0218,3,2,2,3,2,2,2
0219,2,2,2,2,2,2,2
0220,4,4,2,4,3,2,3
0221,4,4,2,3,2,2,3
0222,4,3,3,4,3,3,4
0223,3,2,2,2,2,2,2
0224,2,3,3,2,2,3,2
0225,3,3,2,3,2,2,2
0226,3,2,3,4,3,3,4
0227,4,3,3,3,3,3,3
0228,3,2,2,2,2,2,2
0229,2,3,3,2,2,3,2
0230,3,2,3,4,3,3,4
0231,3,3,3,4,3,3,3
0232,2,2,2,2,2,2,2
0233,4,4,2,2,3,2,2
0234,3,3,2,2,2,2,2
0235,3,3,2,3,3,2,2
0236,4,3,2,4,3,3,4
0237,3,3,2,4,3,2,3
0238,3,3,1,3,2,1,2
0239,4,4,4,3,4,3,4
0240,3,3,4,3,3,4,3
0241,4,3,3,4,3,3,4
0242,4,4,2,4,4,3,4
0243,3,3,2,1,2,2,1
0244,3,3,2,3,3,2,3
0245,3,3,2,3,3,2,2
0246,1,1,1,1,1,1,1
0247,2,1,2,2,2,2,2
0248,2,1,2,2,2,2,2
0249,3,3,2,2,2,2,2
0250,2,2,2,2,2,2,2
0251,3,3,2,3,2,2,3
0252,2,2,2,2,2,2,2
0253,2,2,2,2,2,2,2
0254,3,2,2,2,2,2,2
0255,4,4,3,4,4,3,3
0256,3,2,3,2,2,3,3
0257,3,2,2,3,2,2,3
0258,4,3,3,3,3,3,3
0259,2,2,3,2,2,3,2
0260,3,3,3,4,3,3,4
0261,3,3,3,3,3,3,3
0262,3,3,3,2,3,2,2
0263,2,2,2,2,2,2,2
0264,2,2,2,2,2,2,2
0265,3,2,3,3,2,3,2
0266,3,3,3,3,3,3,3
0267,3,2,2,3,2,2,3
0268,3,3,3,4,3,3,4
0269,4,4,3,4,3,3,4
0270,4,4,3,4,3,3,4
0271,3,3,3,3,3,3,3
0272,3,3,3,3,3,3,3
0273,3,3,3,3,3,3,3
0274,3,2,3,3,2,3,3
0275,3,3,3,4,3,3,4
0276,2,2,2,2,2,2,2
0277,4,3,2,4,3,2,3
0278,3,2,2,2,2,2,2
0279,3,3,3,3,3,3,2
0280,3,3,2,3,2,2,2
0281,3,3,3,3,3,3,3
0282,3,2,2,2,2,2,2
0283,2,2,2,3,2,2,2
0284,2,2,2,2,2,2,1
0285,3,2,3,2,2,3,2
0286,4,4,2,4,3,2,4
0287,2,3,2,2,3,2,2
0288,3,2,2,2,2,2,2
0289,3,3,2,3,3,3,3
0290,4,3,4,3,3,4,3
0291,4,4,2,4,3,2,4
0292,3,3,2,3,3,3,3
0293,3,2,2,2,2,2,2
0294,3,3,3,3,3,3,3
0295,4,3,3,4,3,3,4
0296,3,3,2,3,2,2,3
0297,4,4,2,3,2,2,3
0298,3,3,2,3,2,2,3
0299,3,3,2,3,2,2,3
0300,3,2,2,3,2,2,3
0301,2,2,1,1,1,1,1
0302,3,3,2,2,2,2,3
0303,3,2,2,2,2,2,2
0304,3,3,3,3,3,3,3
0305,2,2,3,2,2,3,2
0306,2,2,3,2,2,3,2
0307,3,3,3,3,3,3,3
0308,3,3,3,2,2,3,2
0309,4,3,4,3,3,4,3
0310,3,3,3,3,3,3,3
0311,4,4,2,4,3,2,4
0312,3,3,3,3,3,3,3
0313,3,3,2,3,2,2,2
0314,3,3,2,3,2,2,3
0315,3,3,2,3,2,2,3
0316,3,3,3,4,3,3,4
0317,4,3,2,3,3,2,3
0318,3,3,2,3,3,2,3
0319,3,3,3,3,3,3,3
0320,4,4,2,4,3,3,3
0321,3,3,2,3,2,2,3
0322,4,4,3,3,3,3,4
0323,4,3,3,4,3,3,3
0324,3,3,3,2,3,3,2
0325,3,3,3,2,3,3,3
0326,3,3,3,3,3,3,4
0327,4,4,3,4,3,3,4
0328,3,3,3,2,3,3,2
0329,4,3,2,3,3,2,3
0330,3,3,2,3,2,2,3
0331,4,4,2,4,3,2,4
0332,3,3,2,3,2,2,3
0333,4,4,2,4,3,3,3
0334,3,3,2,1,2,2,1
0335,4,4,3,3,3,3,4
0336,3,3,3,2,3,3,3
0337,3,2,3,3,3,3,3
0338,3,3,4,3,4,4,4
0339,2,2,3,2,2,2,2
0340,1,1,3,1,2,2,1
0341,4,4,2,3,3,2,2
0342,4,4,3,4,3,3,3
0343,2,2,3,2,2,2,2
0344,2,3,2,2,2,2,2
0345,2,2,2,2,2,2,2
0346,2,2,3,2,2,2,2
0347,4,4,4,4,4,3,3
0348,3,3,2,2,2,2,3
0349,3,3,2,2,2,2,3
0350,3,2,2,2,2,2,2
0351,3,2,3,3,3,3,3
0352,3,3,2,3,3,2,3
0353,3,3,1,2,2,1,2
0354,3,3,3,2,3,2,2
0355,3,3,2,3,2,2,2
0356,3,3,1,2,2,1,2
0357,3,3,3,3,3,3,3
0358,3,3,4,4,3,4,4
0359,4,3,4,3,3,3,3
0360,2,2,2,2,2,2,2
0361,2,1,2,2,2,2,1
0362,2,1,2,2,2,2,1
0363,2,2,1,2,2,2,2
0364,2,2,2,2,3,2,2
0365,3,3,2,3,2,2,2
0366,3,3,3,3,3,3,3
0367,2,2,2,3,2,2,2
0368,2,2,2,2,2,2,1
0369,3,3,3,3,3,3,3
0370,3,3,2,3,2,2,3
0371,2,3,3,2,3,3,2
0372,2,2,2,3,2,2,2
0373,3,2,2,2,2,2,3
0374,2,2,3,2,2,3,1
0375,2,2,1,2,2,1,2
0376,2,2,2,2,2,2,3
0377,2,2,2,1,2,2,1
0378,2,2,2,1,2,2,1
0379,3,3,1,2,1,1,2
0380,2,2,1,2,1,2,2
0381,3,4,3,3,3,3,3
0382,3,3,3,3,3,3,3
0383,3,2,4,3,3,4,3
0384,3,3,3,3,3,3,3
0385,3,3,3,3,3,3,3
0386,3,3,3,4,3,3,3
0387,3,3,3,4,3,3,3
0388,3,3,3,3,3,3,3
0389,3,3,4,3,3,4,3
0390,4,4,3,4,3,3,3
0391,4,4,4,4,4,4,3
0392,4,4,3,3,3,3,3
0393,2,2,4,2,3,4,2
0394,3,3,2,2,2,2,2
0395,3,3,2,2,2,2,2
0396,3,3,3,2,2,3,2
0397,2,2,2,2,2,2,1
0398,2,2,3,1,2,2,1
0399,2,2,2,2,2,2,2
0400,2,2,2,2,2,2,2
0401,2,2,2,2,2,2,1
0402,3,3,4,3,3,4,3
0403,3,3,2,2,2,2,3
0404,3,3,2,2,2,2,2
0405,4,4,3,3,3,3,4
0406,3,4,3,4,3,3,3
0407,2,2,2,2,2,2,2
0408,3,2,3,2,2,3,1
0409,3,3,3,3,3,3,3
0410,3,2,4,2,3,4,2
0411,2,4,2,3,4,2,2
0412,3,3,3,4,3,3,3
0413,3,2,2,3,3,2,3
0414,3,3,2,2,2,2,1
0415,3,3,3,2,3,2,1
0416,3,3,2,2,2,2,1
0417,3,3,2,2,2,2,1
0418,3,3,3,2,2,3,1
0419,4,4,4,4,4,3,4
0420,3,3,4,3,3,3,3
0421,4,4,4,3,3,4,3
0422,4,4,4,3,4,3,3
0423,4,3,3,4,3,3,4
0424,3,3,3,3,3,3,3
0425,4,4,3,3,3,3,2
0426,3,3,2,2,3,2,2
0427,3,3,2,3,2,2,3
0428,2,2,2,1,2,2,1
0429,3,3,4,1,2,4,1
0430,3,3,2,1,2,2,1
0431,3,3,3,1,3,3,1
0432,3,3,2,1,2,3,1
0433,3,3,2,1,3,2,1
0434,3,3,3,1,3,3,1
0435,3,3,3,3,3,3,3
0436,3,3,3,4,3,3,4
0437,3,2,3,3,3,3,3
0438,3,3,3,3,3,3,2
0439,3,2,3,4,3,3,3
0440,4,4,4,3,3,3,4
0441,4,4,4,4,3,3,4
0442,3,3,3,3,3,3,3
0443,2,3,3,2,2,2,2
0444,3,3,3,3,3,3,3
0445,2,2,3,2,2,3,2
0446,2,2,3,3,3,3,3
0447,3,3,3,2,3,3,2
0448,3,3,3,2,3,3,2
0449,4,4,3,4,4,3,4
0450,4,4,3,3,3,3,3
0451,4,4,3,4,4,3,4
0452,4,4,3,4,3,3,4
0453,4,4,3,4,3,3,3
0454,3,3,2,2,2,2,2
0455,3,3,2,2,2,2,2
0456,3,3,3,3,3,3,3
0457,3,3,3,3,3,3,3
0458,3,3,3,2,3,3,2
0459,3,2,1,2,2,1,2
0460,3,2,1,2,2,1,2
0461,3,3,2,2,3,2,2
0462,3,3,3,3,3,3,3
0463,4,4,3,4,3,3,3
0464,3,3,3,3,3,3,3
0465,4,4,3,4,3,3,4
0466,3,3,4,3,3,4,4
0467,4,4,3,4,3,3,3
0468,2,2,2,1,2,2,1
0469,3,3,3,1,3,3,1
0470,2,2,2,2,2,2,2
0471,3,2,2,1,2,2,1
0472,2,1,2,1,1,1,1
0473,2,2,2,2,2,2,2
0474,2,2,2,2,2,2,1
0475,2,2,2,2,2,2,2
0476,3,3,3,3,3,3,3
0477,3,3,3,3,3,3,3
0478,2,2,3,2,2,3,2
0479,2,2,3,3,2,3,2
0480,3,3,1,3,2,3,3
0481,4,4,4,4,4,2,3
0482,4,3,3,4,3,3,4
0483,4,4,3,4,4,3,4
0484,4,4,3,3,3,3,4
0485,4,3,3,4,3,3,4
0486,4,3,4,3,3,3,3
0487,3,3,3,3,3,3,4
0488,3,3,4,4,3,3,4
0489,3,2,4,4,3,4,4
0490,3,3,3,3,3,3,3
0491,4,4,3,3,3,3,4
0492,3,3,3,3,3,3,2
0493,2,2,3,2,2,3,1
0494,3,3,1,2,2,1,1
0495,2,2,2,2,2,2,2
0496,3,2,2,2,2,2,2
0497,2,3,1,2,2,1,1
0498,2,2,2,3,2,3,2
0499,3,3,3,3,3,3,3
0500,3,3,3,3,3,3,3
0501,3,3,2,3,3,2,3
0502,3,3,2,3,3,3,3
0503,4,4,4,4,4,4,4
0504,3,3,4,3,3,4,4
0505,4,4,4,4,4,4,4
0506,3,3,4,3,3,3,3
0507,3,3,3,1,2,3,1
0508,2,2,3,1,3,2,1
0509,2,3,3,1,2,2,1
0510,3,2,4,1,3,4,1
0511,3,3,3,2,2,2,2
0512,3,3,2,2,2,2,2
0513,3,2,2,2,2,2,3
0514,3,3,2,1,2,2,1
0515,2,2,2,2,2,2,1
0516,3,3,3,2,2,3,1
0517,3,3,2,2,3,2,2
0518,3,3,2,2,2,2,2
0519,2,2,3,1,2,3,1
0520,2,2,2,1,2,2,1
0521,3,3,3,1,2,3,1
0522,3,3,3,3,3,3,3
0523,3,3,3,3,3,3,3
0524,4,3,4,3,3,3,3
0525,3,3,3,3,3,3,3
0526,3,2,3,3,2,3,3
0527,3,2,3,3,3,3,3
0528,4,3,3,4,3,3,4
0529,4,4,3,4,3,3,4
0530,4,4,3,3,3,3,2
0531,3,3,3,3,3,3,3
0532,4,3,2,4,2,2,4
0533,3,3,3,2,3,2,2
0534,4,3,3,3,3,3,2
0535,3,3,3,2,3,3,2
0536,2,2,2,2,2,2,2
0537,3,3,3,3,3,3,3
0538,3,3,2,3,3,3,3
0539,3,3,3,3,3,3,3
0540,4,4,4,4,4,4,4
0541,4,4,4,4,4,4,4
0542,4,3,4,4,4,4,4
0543,3,3,3,3,3,3,3
0544,4,4,4,4,4,4,4
0545,3,3,3,3,3,3,3
0546,4,4,3,4,4,3,4
0547,4,4,2,4,4,3,4
0548,3,3,3,2,2,2,3
0549,3,3,3,4,3,3,4
0550,3,3,3,3,3,3,3
0551,3,3,3,3,3,3,3
0552,3,3,3,3,3,3,3
0553,2,2,1,2,1,1,1
0554,3,3,2,1,1,2,1
0555,3,3,2,3,2,2,3
0556,3,3,3,2,2,2,3
0557,3,3,2,4,3,3,4
0558,4,4,2,3,2,2,4
0559,4,4,2,4,3,2,4
0560,3,3,2,2,2,2,2
0561,3,4,2,3,4,1,2
0562,3,3,2,2,2,2,2
0563,3,3,2,3,2,2,3
0564,2,2,2,1,2,2,1
0565,2,2,2,1,2,2,1
0566,2,2,2,2,2,2,2
0567,2,2,2,2,2,2,2
0568,4,3,4,2,3,4,2
0569,3,3,2,3,2,2,2
0570,3,3,2,2,2,2,2
0571,2,2,2,1,2,2,1
0572,2,2,2,1,2,2,1
0573,2,2,2,2,2,2,2
0574,2,2,2,2,2,2,1
0575,3,2,2,2,2,2,2
0576,3,3,4,2,3,4,2
0577,3,3,2,1,2,2,1
0578,2,2,1,1,2,2,1
0579,3,3,2,2,2,2,3
0580,3,3,2,2,2,2,1
0581,3,3,2,1,2,2,1
0582,2,3,2,1,2,2,1
0583,4,4,3,4,4,3,4
0584,3,3,3,3,3,3,3
0585,4,4,3,4,3,3,4
0586,2,2,1,1,1,1,1
0587,4,2,3,3,2,3,4
0588,4,4,4,4,4,4,4
0589,4,4,4,4,4,4,4
0590,4,4,4,4,4,4,4
0591,2,2,1,1,1,1,1
0592,2,1,1,1,1,1,1
0593,3,3,1,2,2,2,3
0594,2,2,1,2,2,1,2
0595,4,4,3,3,3,3,3
0596,3,2,3,2,3,3,2
0597,3,2,2,2,3,2,3
0598,4,4,3,4,3,3,4
0599,4,4,3,4,3,3,4
0600,2,1,1,1,1,1,1
0601,4,4,2,3,3,2,3
0602,3,2,2,2,2,2,3
0603,3,3,2,3,3,3,3
0604,2,2,3,3,2,3,3
0605,3,3,1,4,2,2,4
0606,3,3,1,3,2,1,3
0607,3,3,2,3,2,2,3
0608,3,2,2,3,2,2,3
0609,4,4,3,4,3,3,4
0610,4,3,3,4,3,3,4
0611,3,2,3,4,3,3,4
0612,3,3,3,3,3,3,4
0613,4,4,3,4,4,3,4
0614,3,3,3,3,3,3,3
0615,3,3,2,2,2,2,1
0616,3,3,2,3,3,2,3
0617,3,3,2,3,3,2,3
0618,2,2,3,1,2,2,1
0619,2,2,2,2,1,1,2
0620,4,4,3,4,4,3,4
0621,4,3,4,4,4,4,4
0622,3,3,3,4,3,3,4
0623,3,3,2,3,3,2,3
0624,3,3,3,3,3,2,3
0625,2,2,1,2,2,1,2
0626,2,1,1,2,2,1,2
0627,1,1,1,2,1,1,1
0628,1,1,1,1,1,1,1
0629,4,4,2,4,4,2,4
0630,4,4,3,4,3,3,4
0631,3,2,2,2,2,2,2
0632,3,3,2,3,3,2,2
0633,3,2,3,2,2,3,3
0634,3,3,3,3,3,3,3
0635,4,4,3,4,4,3,3
0636,3,2,3,3,2,3,2
0637,2,1,2,2,2,2,2
0638,3,3,4,3,3,4,4
0639,3,3,2,3,3,2,3
0640,3,3,2,3,2,2,3
0641,4,4,3,4,3,3,4
0642,3,2,1,3,2,2,2
0643,3,2,2,2,2,2,2
0644,4,4,3,4,3,3,4
0645,3,3,2,1,2,2,1
0646,3,3,2,1,2,2,2
0647,2,1,3,2,2,2,2
0648,2,1,3,2,2,2,2
0649,4,4,3,4,4,4,4
0650,2,2,2,2,2,2,2
0651,2,1,3,1,2,3,1
0652,4,3,3,4,3,3,4
0653,2,2,2,2,2,2,2
0654,4,3,4,4,3,3,4
0655,2,2,3,3,2,3,3
0656,3,3,3,3,3,3,3
0657,3,3,3,3,3,3,3
0658,3,2,3,3,3,3,3
0659,3,2,3,3,3,3,3
0660,3,2,2,2,2,2,2
0661,3,2,2,2,2,2,2
0662,3,3,2,3,3,2,3
0663,3,3,3,3,3,3,4
0664,3,3,3,3,3,3,3
0665,3,2,2,3,2,2,3
0666,3,3,3,3,3,3,3
0667,3,2,3,3,3,3,3
0668,3,3,3,4,3,3,4
0669,2,2,3,3,2,3,3
0670,2,2,3,3,2,3,3
0671,2,2,3,3,2,3,3
0672,3,3,3,3,3,3,3
0673,1,1,2,1,2,2,1
0674,1,1,2,1,2,2,1
0675,3,2,2,3,2,2,3
0676,2,2,2,2,2,2,2
0677,2,1,2,2,2,2,2
0678,1,1,2,1,1,1,1
0679,2,1,3,1,2,3,1
0680,1,1,2,1,2,2,1
0681,3,2,2,3,2,2,3
0682,3,3,3,3,3,3,3
0683,3,3,3,3,3,2,3
0684,3,2,2,3,3,3,3
0685,3,3,2,4,2,2,4
0686,3,3,1,3,2,1,3
0687,2,2,2,2,2,2,2
0688,3,1,2,4,2,2,4
0689,3,1,3,4,2,3,3
0690,3,3,3,3,3,3,3
0691,3,2,2,2,2,3,3
0692,2,2,3,1,2,2,1
0693,3,3,2,2,2,2,2
0694,3,3,2,1,2,2,1
0695,3,3,2,2,2,2,1
0696,3,2,2,3,2,2,3
0697,3,2,3,4,3,3,4
0698,3,2,4,3,3,3,3
0699,4,3,3,3,3,3,3
0700,3,2,2,2,2,2,3
0701,3,2,2,3,2,2,3
0702,1,1,1,1,1,1,1
0703,3,2,2,3,2,2,3
0704,2,2,2,2,2,2,2
0705,4,3,3,4,3,3,4
0706,3,2,3,4,3,3,4
0707,3,2,3,3,2,3,3
0708,3,2,3,3,3,3,3
0709,2,1,3,3,2,3,3
0710,3,3,3,3,3,4,4
0711,1,1,2,1,1,1,1
0712,2,2,1,1,2,1,1
0713,2,1,3,2,2,2,3
0714,4,4,3,4,3,3,4
0715,2,2,2,2,2,2,2
0716,1,3,1,2,3,1,1
0717,3,2,3,3,3,3,3
0718,3,3,3,4,3,3,4
0719,3,3,2,2,2,2,2
0720,3,2,2,3,2,2,3
0721,2,2,2,2,2,2,2
0722,2,2,2,2,2,2,2
0723,2,2,3,1,2,2,1
0724,1,1,2,1,2,2,1
0725,3,3,2,3,2,2,3
0726,2,1,2,1,2,2,1
0727,3,2,2,3,2,2,4
0728,3,2,3,3,3,3,3
0729,4,4,3,4,3,3,4
0730,4,4,4,4,3,4,4
0731,4,3,2,3,3,2,3
0732,3,3,1,3,2,1,3
0733,3,3,2,2,2,2,2
0734,3,3,1,3,2,1,3
0735,2,2,1,1,1,1,2
0736,3,1,2,4,2,2,4
0737,3,1,2,3,2,2,3
0738,3,3,3,3,3,3,3
0739,3,3,2,2,2,2,3
0740,3,3,2,3,2,2,3
0741,2,2,3,1,2,3,1
0742,3,3,2,2,2,2,1
0743,3,3,2,2,2,2,2
0744,2,3,2,1,2,2,1
0745,3,3,2,2,2,2,2
0746,3,2,2,3,2,2,4
0747,3,3,3,4,3,3,4
0748,3,2,3,3,3,3,3
0749,3,2,3,3,3,3,3
0750,3,3,3,3,3,3,3
0751,3,2,2,2,2,2,3
0752,3,2,2,3,2,2,3
0753,3,2,3,3,3,3,3
0754,2,2,2,2,2,2,2
0755,3,3,2,2,2,2,2
0756,1,1,2,1,1,1,1
0757,2,1,3,1,2,3,1
0758,2,1,2,2,2,2,2
0759,3,2,2,2,2,2,2
0760,2,2,2,2,2,2,2
0761,2,2,2,2,2,2,2
0762,3,2,2,2,2,2,3
0763,3,2,2,3,2,2,3
0764,3,2,3,3,3,3,3
0765,3,1,3,3,3,3,2
0766,3,3,2,3,2,2,2
0767,2,2,2,2,2,2,2
0768,2,1,2,2,2,2,2
0769,3,3,2,3,2,2,2
0770,3,3,2,2,2,2,2
0771,2,2,2,2,2,2,2
0772,3,3,3,1,3,3,1
0773,2,2,2,2,2,2,2
0774,3,3,3,3,3,3,3
0775,2,1,2,2,2,2,2
0776,2,1,2,2,2,2,2
0777,2,1,3,2,2,2,2
0778,2,2,3,3,2,3,3
0779,2,2,3,3,2,3,3
0780,3,1,3,3,2,3,3
0781,3,3,2,2,2,2,2
0782,3,3,2,2,2,2,2
0783,3,3,2,3,2,2,3
0784,3,3,2,3,2,2,3
0785,3,3,2,3,2,2,4
0786,3,3,3,3,3,3,3
0787,4,4,3,4,4,3,4
0788,3,3,2,2,2,2,2
0789,2,3,2,2,2,3,3
0790,3,3,2,2,2,2,2
0791,3,3,2,2,2,2,3
0792,3,3,2,2,2,2,2
0793,4,4,3,4,3,3,4
0794,2,2,2,3,2,2,3
0795,3,3,2,3,2,2,3
0796,2,2,1,2,2,1,2
0797,4,4,2,4,3,2,4
0798,4,4,2,4,3,2,4
0799,1,2,1,1,1,1,1
0800,3,3,1,3,2,1,3
0801,2,1,2,1,2,2,1
0802,2,1,2,2,2,2,2
0803,3,3,3,3,3,3,3
0804,3,3,3,3,3,3,3
0805,3,2,3,2,2,2,2
0806,3,2,3,3,2,3,3
0807,3,2,2,2,2,2,3
0808,1,2,1,1,1,1,1
0809,3,2,2,2,2,2,2
0810,3,2,2,3,2,2,2
0811,3,3,2,3,2,2,2
0812,1,1,2,1,2,2,1
0813,1,2,1,2,2,1,1
0814,3,3,3,3,3,3,3
0815,3,3,3,4,3,3,3
0816,3,3,2,2,2,2,2
0817,2,2,2,2,2,2,3
0818,3,3,3,3,3,3,3
0819,3,2,3,3,3,3,3
0820,2,1,3,3,2,3,3
0821,3,2,3,3,3,3,3
0822,4,4,4,4,4,4,4
0823,4,3,4,4,4,4,4
0824,3,2,3,2,3,3,3
0825,3,3,3,3,3,3,3
0826,3,2,2,2,2,2,2
0827,3,2,2,2,2,2,2
0828,3,2,2,2,2,2,2
0829,2,1,2,1,2,2,2
0830,2,1,3,1,2,2,1
0831,2,2,2,3,2,2,3
0832,3,3,1,2,1,1,3
0833,3,3,2,3,2,2,3
0834,3,3,3,2,2,2,3
0835,3,3,3,2,2,3,2
0836,3,3,2,2,2,2,2
0837,3,2,2,2,2,2,2
0838,3,3,3,3,3,3,3
0839,3,3,2,2,3,3,3
0840,4,4,1,4,2,1,4
0841,3,3,2,3,3,2,4
0842,2,3,1,2,1,1,1
0843,3,2,3,3,3,3,2
0844,4,3,3,4,4,3,4
0845,2,1,3,4,3,3,3
0846,4,2,3,4,4,3,4
0847,4,4,2,4,3,2,4
0848,2,2,3,3,3,3,3
0849,4,3,4,4,4,3,4
0850,3,3,1,3,3,2,3
0851,4,3,3,4,3,3,4
0852,2,3,2,2,1,2,3
0853,4,3,4,4,4,3,4
0854,3,3,2,2,2,2,3
0855,2,2,3,3,2,2,3
0856,2,2,3,2,2,3,1
0857,3,2,3,3,3,3,2
0858,3,3,2,3,2,2,3
0859,2,2,2,3,3,2,3
0860,3,3,2,4,3,3,4
0861,3,2,2,3,2,2,3
0862,4,4,2,4,3,2,3
0863,3,2,2,3,2,2,3
0864,2,2,4,2,3,3,2
0865,3,3,2,3,3,2,3
0866,3,3,2,2,3,3,3
0867,4,4,3,4,4,3,4
0868,4,3,2,4,2,2,3
0869,3,3,2,3,2,2,3
0870,4,3,3,4,3,3,4
0871,4,4,3,4,4,3,4
0872,3,2,3,3,4,3,3
0873,3,3,2,3,2,2,3
0874,2,2,2,2,2,2,2
0875,2,3,1,2,1,1,3
0876,3,3,2,3,2,2,3
0877,3,3,3,2,2,2,2
0878,3,3,3,2,2,3,2
0879,3,3,2,2,2,2,2
0880,3,2,2,2,2,2,2
0881,3,3,3,3,3,3,3
0882,2,2,2,2,2,2,2
0883,3,3,3,3,3,3,3
0884,3,3,3,3,3,3,3
0885,3,2,2,3,2,2,3
0886,3,3,2,3,2,2,3
0887,3,3,2,2,2,2,3
0888,3,3,3,3,2,2,3
0889,3,3,2,2,2,2,3
0890,3,2,2,2,2,2,3
0891,3,2,2,3,2,2,3
0892,3,2,2,3,2,2,3
0893,3,3,3,3,3,3,3
0894,3,3,2,1,2,2,1
0895,3,3,2,1,2,2,1
0896,3,2,2,1,2,2,1
0897,3,2,2,1,2,2,1
0898,2,2,2,2,2,2,1
0899,2,2,2,2,2,2,2
0900,3,2,3,3,2,3,3
0901,3,2,3,3,3,3,3
0902,2,2,3,3,3,2,3
0903,2,2,3,1,2,3,1
0904,2,2,2,1,2,2,1
0905,3,2,2,3,2,2,2
0906,3,2,3,2,2,3,2
0907,2,1,3,1,2,3,1
0908,2,2,3,3,2,2,3
0909,2,2,3,2,2,3,2
0910,3,2,1,2,2,1,2
0911,3,3,3,2,2,2,2
0912,4,4,3,4,3,3,4
0913,4,4,4,4,4,4,4
0914,4,4,4,4,4,4,4
0915,4,3,3,3,3,3,3
0916,4,3,4,4,4,4,4
0917,2,2,1,2,2,1,2
0918,3,3,1,3,2,1,3
0919,3,2,2,2,2,2,2
0920,3,2,2,2,2,2,2
0921,2,2,1,2,1,1,1
0922,3,3,1,2,2,2,2
0923,3,2,3,4,3,2,4
0924,3,3,3,3,3,3,3
0925,2,2,1,2,1,1,1
0926,3,2,3,2,3,3,3
0927,2,2,2,2,2,2,2
0928,3,3,2,3,2,2,3
0929,3,3,1,3,2,1,3
0930,3,3,2,2,2,2,2
0931,2,1,1,1,1,1,1
0932,2,1,2,2,2,2,2
0933,2,2,2,2,2,2,1
0934,3,2,3,3,2,3,3
0935,3,2,3,2,2,3,2
0936,3,3,3,3,3,3,3
0937,3,3,3,3,3,3,3
0938,3,3,3,3,3,3,3
0939,4,4,2,4,2,2,3
0940,2,1,3,2,2,2,2
0941,4,3,3,2,3,3,2
0942,2,2,2,2,2,2,2
0943,3,2,2,2,2,2,2
0944,2,2,2,1,2,2,1
0945,3,3,3,3,3,3,3
0946,3,2,3,4,3,3,4
0947,2,1,2,2,2,2,2
0948,1,1,3,1,2,3,1
0949,4,4,2,3,3,3,3
0950,3,3,3,3,3,3,3
0951,3,3,3,3,3,3,3
0952,3,2,3,4,3,3,4
0953,3,2,2,2,2,2,2
0954,2,2,3,1,2,2,1
0955,2,1,2,1,1,2,1
0956,3,2,2,2,2,2,3
0957,4,4,4,4,4,4,4
0958,3,3,3,4,3,3,4
0959,3,3,3,4,3,3,4
0960,2,1,3,1,2,3,1
0961,2,2,2,2,2,2,2
0962,2,1,3,3,2,3,3
0963,3,2,3,2,2,3,2
0964,3,3,3,2,3,3,2
0965,3,3,1,3,2,1,3
0966,2,2,3,1,2,2,1
0967,4,4,4,4,4,4,4
0968,3,3,4,4,4,4,4
0969,3,2,2,4,3,3,4
0970,3,2,2,4,3,3,4
0971,4,4,3,4,4,3,3
0972,3,3,2,3,3,3,3
0973,2,2,1,2,1,1,2
0974,3,2,2,3,2,2,3
0975,3,2,2,2,2,2,2
0976,2,2,2,2,2,2,2
0977,2,2,3,3,2,3,3
0978,3,2,2,2,2,2,2
0979,2,2,2,2,2,2,1
0980,3,3,2,2,2,2,1
0981,2,1,1,2,1,1,2
0982,2,2,3,3,3,3,3
0983,2,1,1,1,1,1,1
0984,3,3,3,3,3,3,3
0985,3,3,3,4,3,3,4
0986,2,2,3,2,2,3,2
0987,4,4,2,4,3,3,4
0988,3,2,4,4,4,4,4
0989,4,3,3,4,4,3,4
0990,3,2,3,1,2,2,1
0991,4,3,3,3,3,3,3
0992,4,3,3,3,3,3,4
0993,3,2,2,1,2,2,1
0994,3,3,2,3,2,2,3
0995,4,3,2,3,2,2,3
0996,3,2,2,2,2,2,2
0997,3,2,2,2,2,2,2
0998,3,3,2,3,2,2,3
0999,3,3,3,3,3,3,2
1000,3,3,3,3,3,3,3
1001,3,3,3,3,3,3,3
1002,3,3,2,3,2,2,3
1003,3,3,2,2,2,2,2
1004,3,2,2,2,2,2,1
1005,3,3,2,2,2,2,2
1006,2,2,2,2,2,3,2
1007,3,3,3,3,3,3,3
1008,2,2,3,2,3,3,2
1009,2,1,3,2,2,3,2
1010,2,2,3,2,2,2,1
1011,3,2,2,3,2,2,2
1012,3,2,2,2,2,2,2
1013,4,4,3,4,3,3,4
1014,2,2,1,1,2,1,1
1015,4,4,3,3,3,3,3
1016,3,3,2,3,2,2,3
1017,3,3,3,3,3,3,3
1018,3,2,2,3,2,2,3
1019,2,2,3,2,2,2,2
1020,1,1,1,1,1,1,1
1021,1,1,1,1,1,1,1
1022,3,3,3,2,2,3,2
1023,3,3,3,4,3,3,3
1024,4,3,4,4,4,4,4
1025,3,3,4,3,3,4,3
1026,3,3,4,3,3,3,3
1027,4,3,4,4,4,4,4
1028,3,2,2,1,2,2,1
1029,2,2,2,2,2,2,2
1030,2,1,2,1,2,2,1
1031,2,2,2,1,2,2,1
1032,3,2,3,3,2,3,3
1033,3,2,3,2,2,3,2
1034,2,2,3,2,2,3,2
1035,2,2,2,2,2,2,2
1036,2,2,2,2,2,2,2
1037,2,2,2,1,2,2,1
1038,3,3,3,3,3,3,3
1039,3,3,3,3,3,3,3
1040,3,3,3,3,3,3,3
1041,3,2,3,2,2,3,3
1042,3,2,3,3,2,2,3
1043,3,3,4,3,3,3,3
1044,2,1,3,1,2,3,1
1045,2,1,3,2,2,3,2
1046,3,3,2,1,2,2,1
1047,3,3,3,2,2,2,2
1048,3,3,3,2,2,2,1
1049,2,2,3,2,2,2,1
1050,3,3,3,1,2,2,1
1051,3,3,3,2,3,3,1
1052,3,2,3,1,2,2,1
1053,2,2,3,2,2,2,1
1054,2,2,2,1,2,2,1
1055,3,2,3,1,3,3,1
1056,1,1,1,1,1,1,1
1057,3,1,2,4,2,2,4
1058,2,2,2,2,2,2,2
1059,3,3,2,2,2,2,2
1060,3,3,2,2,2,2,2
1061,2,3,2,2,2,2,1
1062,4,4,4,4,4,4,4
1063,4,3,4,4,4,4,4
1064,3,3,2,2,2,2,3
1065,2,2,2,2,2,2,2
1066,4,4,4,4,4,4,4
1067,3,2,3,3,3,3,3
1068,3,3,3,3,2,2,3
1069,2,2,1,2,2,2,1
1070,3,3,3,3,3,3,3
1071,3,1,3,3,3,3,3
1072,2,2,2,2,2,2,2
1073,2,2,2,2,2,2,2
1074,3,3,2,2,2,2,1
1075,2,2,2,2,2,2,2
1076,2,1,3,2,2,3,2
1077,4,3,3,3,3,3,3
1078,3,3,3,3,3,3,3
1079,3,2,3,3,2,3,3
1080,3,2,3,2,2,2,3
1081,2,2,2,2,2,2,2
1082,3,3,3,4,3,3,4
1083,3,3,3,3,3,3,4
1084,3,2,3,4,3,3,4
1085,3,2,3,3,3,3,4
1086,3,3,3,3,3,3,3
1087,3,2,2,3,2,2,3
1088,3,3,3,3,3,3,3
1089,3,2,2,3,2,2,3
1090,2,2,3,2,2,2,2
1091,3,3,3,3,3,3,3
1092,3,3,3,3,3,3,3
1093,4,4,4,4,4,4,4
1094,2,1,2,2,2,2,2
1095,2,1,3,1,2,2,1
1096,3,3,3,3,3,3,3
1097,3,2,3,4,3,3,4
1098,3,2,3,3,3,3,3
1099,3,3,3,3,3,3,3
1100,2,2,3,2,2,3,2
1101,3,1,3,3,2,3,3
1102,4,3,2,3,4,3,4
1103,4,3,3,4,3,3,3
1104,4,3,3,4,3,3,4
1105,4,3,3,4,3,3,3
1106,4,3,2,4,2,2,3
1107,2,1,3,1,2,2,1
1108,3,3,3,3,3,3,2
1109,3,3,3,3,3,3,3
1110,3,3,1,2,1,1,3
1111,3,3,3,3,3,3,3
1112,3,3,3,3,3,3,3
1113,3,3,3,3,3,3,3
1114,3,2,3,4,3,3,3
1115,4,4,3,4,3,3,4
1116,3,3,3,3,3,3,3
1117,4,3,4,4,3,3,4
1118,4,4,3,4,4,3,4
1119,3,2,3,3,3,3,3
1120,3,2,3,2,2,2,3
1121,2,1,3,2,2,2,2
1122,3,2,3,3,2,2,3
1123,2,1,2,3,2,2,3
1124,2,1,2,3,1,2,3
1125,3,3,3,2,3,3,3
1126,4,4,4,4,4,4,4
1127,4,4,4,4,4,4,4
1128,3,3,3,3,3,3,3
1129,3,3,3,3,3,3,3
1130,3,2,2,2,2,2,3
1131,3,3,3,3,2,2,4
1132,2,2,1,2,2,1,2
1133,2,2,1,2,2,1,2
1134,3,3,1,3,2,1,2
1135,4,4,3,2,3,3,2
1136,2,2,2,1,2,2,1
1137,3,3,3,2,2,3,3
1138,3,3,3,1,2,3,1
1139,2,1,3,2,2,3,1
1140,1,1,2,1,1,2,1
1141,3,3,2,2,2,2,1
1142,4,4,2,3,3,2,3
1143,3,3,2,3,2,2,3
1144,3,3,3,3,3,3,2
1145,3,3,3,4,3,3,4
1146,3,2,3,4,3,3,4
1147,2,2,3,2,2,2,2
1148,4,4,4,4,4,3,3
1149,3,3,2,2,2,2,2
1150,2,2,2,2,2,2,2
1151,3,3,3,3,2,2,3
1152,3,2,2,2,2,2,2
1153,3,2,2,2,2,2,1
1154,2,2,2,2,2,2,2
1155,1,1,1,1,1,1,1
1156,1,1,1,1,1,1,1
1157,3,2,3,4,3,3,4
1158,3,3,3,3,2,3,3
1159,3,3,3,3,2,2,3
1160,3,2,2,2,2,2,2
1161,3,3,3,3,3,3,3
1162,3,3,2,2,2,2,2
1163,3,3,3,2,3,2,2
1164,2,2,2,4,2,2,4
1165,4,4,2,4,3,3,4
1166,4,4,3,4,3,3,4
1167,4,4,3,4,3,3,4
1168,3,3,3,3,3,3,3
1169,3,3,3,3,3,3,3
1170,3,2,2,2,2,2,2
1171,2,1,3,2,2,3,2
1172,4,3,3,4,4,2,4
1173,2,1,3,4,3,3,3
1174,4,3,3,3,3,3,3
1175,3,3,1,2,2,2,1
1176,4,4,2,4,3,3,4
1177,3,2,2,3,2,2,3
1178,4,3,4,4,3,3,4
1179,3,2,2,2,2,2,2
1180,3,3,2,2,2,2,3
1181,3,3,2,3,2,3,3
1182,3,2,2,3,2,2,3
1183,3,3,2,4,2,2,4
1184,4,4,3,4,4,3,4
1185,3,2,2,2,2,2,2
1186,2,1,3,2,2,2,2
1187,2,1,2,3,2,2,3
1188,3,2,2,3,2,2,3
1189,3,3,2,3,2,2,2
1190,3,3,2,3,2,2,3
1191,1,1,1,1,1,1,1
1192,3,2,2,2,2,2,3
1193,2,2,2,2,2,2,2
1194,3,2,2,2,2,2,2
1195,3,3,2,3,2,2,3
1196,2,2,1,2,2,1,1
1197,2,2,2,2,2,2,2
1198,3,2,2,2,2,2,2
1199,3,3,3,4,3,3,4
1200,3,3,3,3,3,3,3
1201,2,2,2,2,2,2,2
1202,3,2,2,2,2,2,2
1203,3,2,2,3,2,2,3
1204,3,2,2,3,2,2,3
1205,3,2,2,3,2,2,3
1206,2,1,2,2,2,2,2
1207,3,2,2,3,2,2,3
1208,4,3,3,3,3,3,4
1209,3,3,3,2,2,2,2
1210,3,3,3,3,3,3,3
1211,3,2,2,3,2,2,3
1212,2,2,2,3,2,2,3
1213,3,3,1,2,1,1,2
1214,4,3,3,4,3,3,4
1215,4,4,4,4,4,4,4
1216,2,2,2,1,2,2,1
1217,3,3,2,3,2,2,3
1218,3,3,3,4,3,3,4
1219,4,3,3,4,3,3,3
1220,3,3,2,2,2,2,2
1221,2,2,2,2,2,2,2
1222,3,2,3,2,3,3,1
1223,3,2,3,2,2,2,3
1224,2,2,2,1,2,1,1
1225,3,2,3,3,3,3,3
1226,3,3,3,3,3,3,3
1227,2,2,2,1,1,1,1
1228,2,2,2,2,2,2,2
1229,2,2,2,2,2,2,1
1230,3,2,2,2,2,2,2
1231,4,3,3,3,3,3,3
1232,3,3,3,3,3,3,3
1233,3,3,3,3,3,3,3
1234,3,3,3,3,3,3,3
1235,3,3,2,2,2,2,2
1236,3,2,4,3,3,4,2
1237,3,2,3,2,2,2,2
1238,2,2,2,2,2,2,2
1239,2,2,2,2,2,2,2
1240,3,2,2,3,2,2,3
1241,3,2,1,3,2,2,3
1242,2,2,1,1,2,1,2
1243,3,2,3,3,2,2,3
1244,2,2,2,2,2,2,2
1245,2,1,1,2,1,1,3
1246,1,1,1,1,1,1,1
1247,3,1,3,2,2,3,2
1248,3,1,3,4,3,4,4
1249,2,2,3,2,2,2,2
1250,4,3,3,3,3,3,3
1251,3,3,3,3,3,3,3
1252,3,2,2,2,2,2,2
1253,3,2,2,2,2,2,3
1254,4,4,3,4,3,3,4
1255,3,3,3,4,3,3,4
1256,2,1,3,2,2,2,2
1257,3,3,2,3,2,2,3
1258,3,3,2,3,2,2,3
1259,2,2,2,1,2,2,1
1260,4,4,2,2,3,2,2
1261,3,3,2,2,2,2,2
1262,3,3,2,2,2,2,2
1263,3,3,2,3,2,2,3
1264,3,3,2,3,2,2,3
1265,4,4,2,4,2,2,4
1266,3,3,3,3,3,3,3
1267,4,4,2,4,3,2,3
1268,3,3,3,3,3,3,4
1269,3,3,3,3,3,3,3
1270,4,4,4,4,3,3,3
1271,3,3,3,4,3,3,4
1272,4,4,2,4,2,2,4
1273,3,3,4,2,2,4,3
1274,3,3,3,3,3,3,3
1275,3,2,2,3,2,2,3
1276,2,2,2,2,2,2,2
1277,2,2,2,2,2,2,2
1278,3,2,3,2,2,2,2
1279,4,4,3,4,3,3,4
1280,3,3,3,2,2,2,2
1281,3,2,3,2,2,2,2
1282,3,3,3,3,3,3,3
1283,4,3,3,3,3,3,4
1284,4,3,2,4,2,2,4
1285,3,2,2,3,2,2,3
1286,3,3,3,3,3,3,3
1287,3,2,3,2,3,3,2
1288,3,3,3,4,3,3,4
1289,3,3,3,3,3,3,4
1290,3,2,2,2,2,2,3
1291,3,3,3,3,3,3,3
1292,3,2,3,2,2,3,2
1293,3,2,2,2,2,2,2
1294,3,3,3,4,3,3,4
1295,3,2,2,3,2,2,3
1296,2,2,2,2,2,2,2
1297,3,2,3,2,2,3,3
1298,3,3,3,2,2,2,3
1299,3,3,3,3,3,3,3
1300,2,2,2,3,2,2,3
1301,4,3,2,4,3,2,4
1302,3,3,2,3,2,2,3
1303,3,2,2,2,2,2,2
1304,3,3,2,2,2,2,2
1305,3,2,2,2,2,2,2
1306,2,2,2,2,2,2,2
1307,3,3,3,3,3,3,3
1308,3,2,3,3,3,3,3
1309,2,2,2,2,2,2,2
1310,4,3,2,4,3,3,4
1311,3,3,2,3,2,2,3
1312,3,3,3,4,3,3,4
1313,3,3,3,3,3,3,3
1314,3,2,2,3,2,2,3
1315,2,1,2,2,2,2,2
1316,2,2,2,2,2,2,2
1317,2,2,3,2,3,3,1
1318,2,2,2,1,2,2,1
1319,4,4,4,4,4,4,4
1320,4,4,2,4,3,3,4
1321,3,3,2,4,3,3,4
1322,3,3,3,4,3,3,4
1323,3,3,2,2,2,2,2
1324,3,2,2,2,2,3,3
1325,3,3,3,4,3,3,4
1326,3,3,3,3,3,3,3
1327,3,2,2,2,2,2,3
1328,3,3,2,3,2,2,3
1329,3,3,2,3,2,2,3
1330,3,3,2,3,3,3,3
1331,4,4,3,3,3,3,3
1332,4,4,2,4,3,2,4
1333,3,2,2,2,2,2,2
1334,3,3,3,3,3,3,3
1335,3,3,3,3,3,3,3
1336,3,3,3,3,3,3,3
1337,3,3,3,4,3,3,4
1338,3,3,3,3,3,2,3
1339,3,3,3,3,3,3,3
1340,3,2,2,3,2,2,2
1341,3,3,3,3,3,3,3
1342,2,2,2,2,2,2,2
1343,2,2,2,2,2,2,2
1344,2,2,2,2,2,2,2
1345,3,2,2,2,2,2,2
1346,3,2,3,2,2,3,3
1347,3,2,3,2,3,3,2
1348,2,2,3,2,2,2,2
1349,3,2,3,2,3,3,2
1350,3,2,3,2,2,2,2
1351,3,2,3,2,3,3,2
1352,4,3,4,3,4,4,3
1353,4,3,4,4,4,4,4
1354,4,4,2,4,4,3,4
1355,3,3,2,2,2,2,3
1356,2,2,3,2,3,3,2
1357,4,4,3,3,3,3,3
1358,3,3,3,2,3,3,2
1359,3,3,3,3,2,2,3
1360,3,2,2,4,3,2,3
1361,2,2,2,2,2,2,2
1362,2,2,2,2,2,2,1
1363,2,1,2,2,2,2,2
1364,3,3,3,3,3,3,3
1365,2,2,2,2,2,2,2
1366,3,3,3,2,3,3,3
1367,3,3,3,3,3,3,3
1368,3,3,2,2,2,2,2
1369,3,2,3,2,2,3,3
1370,3,2,3,2,3,3,3
1371,2,2,2,2,2,2,2
1372,3,3,2,2,2,2,2
1373,3,3,2,3,2,2,3
1374,2,1,3,2,2,3,2
1375,2,2,3,2,2,3,2
1376,3,2,3,3,2,3,3
1377,3,2,2,3,2,2,3
1378,2,2,1,3,2,1,3
1379,3,3,1,2,2,1,1
1380,3,2,2,2,2,2,2
1381,4,4,3,4,4,3,4
1382,4,3,3,3,3,3,3
1383,3,3,4,4,3,3,4
1384,3,3,3,3,3,3,3
1385,4,3,4,4,4,4,3
1386,2,2,3,2,2,3,2
1387,4,4,4,4,4,4,4
1388,3,2,3,2,2,3,2
1389,3,3,3,3,3,3,3
1390,3,2,2,2,2,2,3
1391,2,2,3,2,2,2,2
1392,3,2,3,2,2,2,3
1393,2,1,3,2,2,3,2
1394,3,2,3,2,3,3,2
1395,3,2,3,2,3,3,2
1396,3,2,3,2,2,2,2
1397,2,3,2,2,2,2,3
1398,2,2,2,2,2,2,2
1399,3,2,2,3,2,2,2
1400,3,3,1,2,2,1,2
1401,3,3,2,3,3,3,3
1402,4,4,3,4,4,3,4
1403,3,2,2,1,2,2,2
1404,3,2,3,2,2,3,3
1405,4,3,4,3,3,4,4
1406,4,3,3,4,3,3,3
1407,3,3,2,1,3,2,1
1408,4,3,4,4,4,4,4
1409,4,3,4,4,4,4,3
1410,2,2,2,2,2,2,1
1411,4,4,4,4,4,4,4
1412,4,3,4,4,3,4,4
1413,3,2,3,3,3,3,3
1414,3,2,3,2,3,3,2
1415,2,1,2,2,2,2,2
1416,4,3,3,4,3,3,3
1417,3,2,3,3,3,3,3
1418,3,2,2,3,2,2,3
1419,3,2,2,3,2,2,3
1420,3,2,2,2,2,2,2
1421,3,3,3,4,3,3,4
1422,3,3,3,2,3,3,2
1423,2,2,2,2,2,2,2
1424,2,2,2,2,2,2,2
1425,2,3,2,1,2,2,1
1426,3,2,3,3,3,3,3
1427,3,2,3,2,2,3,3
1428,4,3,3,4,3,3,4
1429,4,3,4,3,4,4,3
1430,3,2,2,2,2,2,3
1431,3,3,2,2,2,2,3
1432,4,3,2,4,2,2,3
1433,4,3,3,3,3,2,3
1434,4,3,3,4,3,3,4
1435,3,3,3,3,3,3,3
1436,3,3,4,2,3,3,2
1437,3,3,3,2,2,2,2
1438,4,2,3,3,2,3,4
1439,3,2,3,4,3,3,3
1440,3,2,4,3,3,4,2
1441,2,1,2,1,2,2,2
1442,2,1,2,2,2,2,2
1443,3,3,3,3,3,3,3
1444,2,1,3,2,2,3,2
1445,3,3,3,4,3,3,3
1446,4,3,2,3,3,2,3
1447,3,2,2,2,2,2,2
1448,2,1,3,1,2,3,2
1449,2,2,1,2,1,1,2
1450,2,1,2,2,2,2,2
1451,3,3,3,3,2,3,3
1452,4,3,2,3,3,2,3
1453,2,1,3,2,2,3,2
1454,4,3,3,4,3,3,3
1455,3,3,2,3,3,2,4
1456,4,3,2,4,2,2,4
1457,2,1,3,2,2,2,2
1458,2,2,3,2,2,2,1
1459,2,1,2,1,2,2,1
1460,3,2,2,2,2,2,2
1461,2,1,2,1,2,2,1
1462,2,2,2,2,2,2,2
1463,3,2,3,3,2,2,3
1464,3,2,3,3,2,3,3
1465,2,2,2,3,3,2,2
1466,4,3,3,3,3,3,3
1467,3,3,3,3,3,3,3
1468,2,1,3,3,3,3,2
1469,3,2,3,3,3,3,3
1470,2,2,3,2,3,3,2
1471,4,3,3,3,3,3,3
1472,3,3,3,4,3,3,4
1473,4,3,3,3,3,3,3
1474,3,3,3,3,3,3,3
1475,2,1,2,1,2,1,2
1476,2,1,2,1,2,2,1
1477,4,3,3,4,3,3,4
1478,3,3,3,3,3,3,3
1479,3,2,2,2,3,2,2
1480,2,2,3,1,2,3,1
1481,2,2,3,1,2,2,1
1482,4,4,4,3,4,4,3
1483,3,3,2,2,2,2,2
1484,3,2,2,2,2,2,2
1485,3,3,2,2,2,2,2
1486,3,2,2,2,2,2,1
1487,2,2,2,2,2,2,1
1488,4,3,3,3,3,3,3
1489,3,2,3,3,2,2,3
1490,4,3,4,3,4,4,4
1491,2,1,2,3,2,3,3
1492,3,2,3,3,3,3,3
1493,2,1,3,1,2,3,1
1494,2,1,2,1,2,2,1
1495,2,2,2,3,2,2,3
1496,3,3,2,2,2,2,1
1497,3,2,3,2,2,2,2
1498,3,3,2,3,2,2,3
1499,3,3,4,4,3,4,4
1500,3,2,3,3,3,3,4
1501,3,2,4,4,3,4,4
1502,3,2,2,3,2,2,3
1503,2,2,3,1,2,2,1
1504,2,2,3,1,2,3,1
1505,3,2,3,2,3,3,2
1506,3,3,3,3,3,3,2
1507,3,3,3,3,3,3,2
1508,3,2,2,2,2,2,2
1509,2,2,2,2,2,2,2
1510,2,2,1,2,2,1,2
1511,2,1,3,3,2,3,3
1512,3,2,3,2,2,2,2
1513,3,2,2,2,2,2,2
1514,4,3,3,3,3,3,3
1515,4,3,3,3,3,3,3
1516,4,3,3,4,4,3,4
1517,3,2,3,4,3,4,4
1518,2,2,2,2,2,2,1
1519,2,1,2,2,2,2,2
1520,4,4,4,4,4,4,4
1521,3,2,3,2,2,3,2
1522,2,2,2,2,2,2,2
1523,2,2,2,2,2,2,2
1524,4,3,2,4,4,3,4
1525,3,3,3,3,3,2,3
1526,4,3,2,2,2,2,2
1527,2,1,3,3,2,3,3
1528,2,1,3,3,2,3,3
1529,2,1,3,3,2,3,3
1530,4,3,3,2,3,3,2
1531,4,3,3,4,3,3,4
1532,4,3,4,4,4,4,4
1533,2,2,2,2,2,2,2
1534,2,2,1,2,2,1,2
1535,2,2,1,2,1,1,1
1536,3,2,2,3,2,2,3
1537,4,3,2,3,3,3,2
1538,2,2,2,2,2,2,2
1539,2,2,2,2,2,2,2
1540,4,3,3,4,3,3,3
1541,3,2,3,4,3,3,3
1542,4,4,4,4,4,3,3
1543,3,2,2,2,3,2,2
1544,3,3,3,3,3,3,3
1545,4,3,3,3,3,3,3
1546,3,3,3,2,2,2,2
1547,4,3,3,3,3,3,3
1548,3,3,3,3,3,3,3
1549,2,2,3,1,2,3,2
1550,3,3,3,3,3,3,3
1551,2,2,2,3,2,2,3
1552,2,2,3,2,2,2,2
1553,3,3,3,3,3,3,3
1554,3,2,1,2,2,2,1
1555,3,3,3,3,3,3,3
1556,4,3,3,3,3,3,3
1557,4,3,3,3,3,3,3
1558,3,3,2,3,3,2,3
1559,3,2,2,2,2,2,2
1560,4,4,4,4,4,4,4
1561,2,1,2,2,2,2,2
1562,3,2,2,3,2,2,3
1563,3,3,2,3,2,2,3
1564,4,4,4,4,4,4,4
1565,4,4,4,4,4,4,4
1566,4,3,3,3,2,2,3
1567,4,3,3,4,3,2,4
1568,3,2,2,3,2,2,3
1569,2,2,2,2,2,2,2
1570,3,3,3,3,3,3,3
1571,3,2,3,3,3,3,3
1572,4,3,4,4,4,4,4
1573,3,3,3,3,3,3,3
1574,4,3,4,4,3,4,4
1575,4,4,4,4,3,3,3
1576,3,3,3,3,3,3,3
1577,2,1,3,3,2,3,3
1578,2,1,3,3,2,3,3
1579,2,2,2,2,2,2,2
1580,3,2,3,3,3,3,4
1581,3,3,4,4,3,4,4
1582,4,4,1,4,3,2,4
1583,2,2,2,2,2,2,2
1584,2,2,3,3,3,3,2
1585,2,2,2,2,2,2,2
1586,2,2,2,2,2,2,1
1587,2,1,2,1,2,2,1
1588,4,3,3,3,3,3,3
1589,3,3,3,3,3,3,3
1590,2,2,2,2,2,2,2
1591,2,2,2,2,2,2,1
1592,3,2,2,2,2,2,2
1593,3,3,3,3,3,3,3
1594,3,2,3,2,3,3,2
1595,3,3,2,3,2,1,3
1596,3,2,2,3,2,2,3
1597,2,2,2,3,2,2,3
1598,4,3,4,4,3,4,4
1599,4,4,4,4,4,4,4
1600,2,2,3,2,2,2,1
1601,2,2,2,1,2,2,1
1602,2,2,3,1,2,3,1
1603,2,2,3,2,2,3,3
1604,3,2,2,2,2,2,2
1605,3,3,3,4,2,3,4
1606,4,4,3,4,3,3,4
1607,4,3,3,3,3,3,3
1608,2,2,3,3,2,2,3
1609,2,2,3,3,2,2,3
1610,3,3,3,3,3,3,3
1611,4,3,3,3,3,3,3
1612,3,3,3,2,2,2,1
1613,3,2,3,3,3,3,3
1614,4,3,3,4,3,3,4
1615,4,3,3,4,2,2,4
1616,2,1,3,2,2,2,2
1617,2,1,3,2,2,2,3
1618,3,2,3,3,3,3,3
1619,3,2,3,3,3,3,3
1620,3,2,2,2,2,2,2
1621,3,3,3,3,2,2,3
1622,3,3,3,3,2,2,3
1623,2,2,3,3,3,3,3
1624,3,2,3,3,3,2,3
1625,4,3,3,3,3,3,3
1626,4,4,4,4,4,4,4
1627,4,4,3,3,3,3,3
1628,4,3,2,2,3,2,3
1629,3,2,3,3,3,3,4
1630,4,2,3,3,3,3,3
1631,4,2,3,3,3,3,3
1632,2,2,3,1,2,2,1
1633,2,2,2,3,2,2,3
1634,3,3,3,2,2,2,2
1635,4,3,3,4,4,3,3
1636,2,2,2,2,2,2,2
1637,3,3,2,2,2,2,2
1638,3,2,2,2,2,2,3
1639,3,2,2,2,2,2,3
1640,4,3,3,3,3,3,3
1641,3,2,1,2,1,2,2
1642,4,3,3,3,3,3,3
1643,4,2,3,2,3,3,2
1644,4,3,3,3,3,3,3
1645,3,3,3,3,3,2,3
1646,3,2,3,3,2,2,3
1647,2,2,2,2,2,2,2
1648,3,2,3,2,3,3,2
1649,3,2,2,3,2,2,3
1650,3,2,3,3,2,2,3
1651,3,3,4,3,3,3,4
1652,3,2,3,3,3,3,3
1653,3,2,3,3,3,3,3
1654,3,3,2,2,2,2,2
1655,3,3,3,2,2,2,2
1656,3,2,2,2,2,2,3
1657,3,3,2,3,2,2,3
1658,4,3,3,3,3,3,3
1659,3,3,3,3,3,3,3
1660,3,3,1,2,2,2,3
1661,3,3,1,2,2,2,2
1662,3,2,2,2,2,2,2
1663,3,3,3,3,3,3,3
1664,4,4,4,4,4,4,3
1665,3,3,4,3,3,3,3
1666,2,1,2,1,1,1,1
1667,3,3,3,3,3,3,3
1668,3,3,3,3,3,3,3
1669,3,3,2,2,2,2,2
1670,4,4,3,3,3,3,3
1671,4,3,2,3,3,2,3
1672,2,1,3,3,2,2,2
1673,1,1,2,2,2,2,2
1674,3,2,2,3,2,2,3
1675,3,3,3,3,2,2,3
1676,1,1,2,3,1,3,2
1677,4,4,3,3,3,3,3
1678,3,3,3,3,3,3,3
1679,4,4,2,3,2,2,3
1680,4,3,2,3,3,2,3
1681,3,2,3,1,2,2,1
1682,3,2,3,1,2,3,1
1683,3,3,2,2,2,2,2
1684,3,3,2,2,2,2,2
1685,3,3,1,2,2,1,2
1686,2,2,1,2,2,1,2
1687,4,4,3,3,3,3,3
1688,2,2,1,2,2,1,2
1689,3,3,3,3,3,3,3
1690,3,2,3,2,3,3,3
1691,2,2,2,2,2,2,2
1692,2,2,2,2,2,2,2
1693,3,2,3,3,2,2,2
1694,4,3,2,3,3,2,3
1695,4,2,3,3,3,3,3
1696,4,3,3,3,3,3,3
1697,4,4,3,3,3,3,3
1698,2,2,2,2,2,2,2
1699,2,2,2,2,2,2,2
1700,4,3,2,3,2,2,3
1701,4,3,2,3,3,2,3
1702,2,2,2,2,2,2,2
1703,4,3,3,3,3,3,3
1704,2,2,1,2,1,1,2
1705,1,1,1,2,1,1,2
1706,2,1,3,3,2,2,3
1707,2,2,2,3,2,2,3
1708,3,3,3,3,3,3,3
1709,3,2,3,3,2,2,3
1710,3,3,3,2,2,2,3
1711,2,2,3,3,2,2,3
1712,3,3,3,2,2,2,2
1713,3,3,3,3,3,3,3
1714,2,2,3,2,2,2,2
1715,3,2,3,3,3,3,3
1716,4,3,3,3,3,3,3
1717,4,3,3,3,3,3,3
1718,3,3,3,3,3,3,3
1719,3,3,3,3,3,3,3
1720,2,2,3,3,2,2,3
1721,3,3,2,3,2,2,3
1722,4,3,3,2,2,2,2
1723,4,4,3,4,3,3,3
1724,4,4,3,3,4,3,2
1725,3,3,3,3,3,3,3
1726,3,3,3,4,3,3,4
1727,3,3,3,3,3,3,3
1728,3,2,3,2,2,2,3
1729,3,3,3,3,3,3,3
1730,3,1,3,3,3,3,3
1731,3,3,3,3,3,3,3
1732,3,2,2,2,2,2,1
1733,3,2,3,2,3,3,2
1734,3,2,3,3,3,3,3
1735,3,3,3,3,3,3,3
1736,2,2,2,2,2,2,1
1737,2,1,2,2,2,2,1
1738,4,3,2,3,2,2,2
1739,2,1,3,3,2,3,2
1740,2,1,3,3,2,2,2
1741,4,3,2,4,2,2,3
1742,4,3,2,3,2,2,3
1743,3,3,2,3,3,3,3
1744,2,1,2,1,1,2,1
1745,2,1,2,2,2,2,3
1746,3,3,2,3,2,2,3
1747,3,2,3,3,2,2,3
1748,3,2,3,3,2,2,3
1749,4,3,2,3,2,2,2
1750,3,2,3,3,2,2,3
1751,2,2,2,3,2,2,3
1752,3,2,2,3,2,2,3
1753,2,2,2,2,2,2,2
1754,2,2,2,2,2,2,2
1755,3,1,3,3,2,3,3
1756,4,4,3,3,3,3,3
1757,3,3,2,2,2,2,2
1758,3,3,2,2,3,3,1
1759,3,2,2,2,2,2,2
1760,2,2,2,2,2,2,2
1761,3,3,3,3,3,3,3
1762,4,4,2,2,3,2,2
1763,3,3,3,3,3,3,3
1764,3,2,3,2,2,2,1
1765,3,3,3,3,3,3,3
1766,3,3,2,2,2,2,3
1767,3,3,3,3,3,3,3
1768,4,3,3,3,3,3,4
1769,4,3,2,3,3,3,3
1770,2,1,3,3,2,3,3
1771,3,3,1,2,1,1,2
1772,4,3,2,4,2,2,4
1773,3,3,3,3,3,3,3
1774,4,3,3,3,3,3,3
1775,3,3,3,3,3,3,3
1776,2,2,3,2,2,2,2
1777,4,3,3,4,4,4,4
1778,2,1,2,2,2,2,1
1779,4,4,4,4,4,4,4
1780,3,2,2,3,2,2,3
1781,4,3,3,4,3,3,4
1782,2,2,3,3,2,2,3
1783,4,3,4,3,3,3,4
1784,3,3,3,2,2,2,3
1785,3,2,3,3,3,2,3
1786,2,2,1,2,1,1,1
1787,2,2,2,3,2,2,3
1788,3,2,3,2,3,3,1
1789,2,2,2,2,2,2,1
1790,2,2,3,3,2,2,3
1791,3,3,3,2,2,2,2
1792,2,1,3,2,2,2,3
1793,3,2,2,2,2,2,2
1794,3,2,3,3,3,3,3
1795,4,4,2,4,3,3,4
1796,2,2,2,2,2,2,2
1797,4,3,3,3,3,3,2
1798,2,2,1,2,2,2,2
1799,4,3,3,3,4,3,4
1800,3,3,3,3,3,3,2
1801,3,2,3,3,3,3,3
1802,4,3,2,3,2,2,3
1803,3,2,3,3,3,3,3
1804,3,2,2,2,2,2,2
1805,4,3,3,3,3,3,2
1806,3,2,2,3,2,2,3
1807,2,1,2,3,2,2,3
1808,3,3,4,4,3,3,4
1809,4,3,3,4,3,3,4
1810,3,2,3,2,2,2,1
1811,2,2,1,1,1,1,1
1812,3,2,2,3,2,2,3
1813,4,3,3,3,3,3,4
1814,3,2,3,2,2,2,2
1815,4,4,3,4,3,3,4
1816,2,2,2,3,2,2,3
1817,3,2,3,3,2,2,3
1818,3,2,3,3,3,3,3
1819,4,3,3,3,3,3,3
1820,4,4,3,3,3,3,3
1821,3,3,3,3,3,3,3
1822,3,2,3,3,3,3,2
1823,3,3,3,3,3,3,2
1824,2,1,3,3,2,2,3
1825,4,3,2,4,3,3,3
1826,3,2,3,3,3,3,3
1827,3,2,2,2,1,1,3
1828,4,3,2,3,2,2,4
1829,3,2,2,2,2,2,2
1830,4,3,3,3,3,3,3
1831,3,3,3,3,2,2,3
1832,3,3,2,2,2,2,3
1833,4,3,2,3,3,2,4
1834,3,2,2,1,2,2,1
1835,4,4,2,3,3,3,3
1836,2,1,3,3,2,2,3
1837,4,4,3,4,3,3,4
1838,3,2,3,2,2,2,1
1839,3,2,2,2,2,2,2
1840,2,1,2,2,2,2,1
1841,4,4,2,3,2,2,3
1842,3,3,2,3,2,2,2
1843,4,3,3,4,3,3,4
1844,3,3,2,3,2,2,3
1845,3,3,3,3,2,2,3
1846,2,2,3,2,3,3,2
1847,3,3,3,3,3,3,3
1848,2,2,2,2,2,2,2
1849,4,4,2,3,2,2,3
1850,4,3,3,4,3,2,4
1851,2,3,2,1,2,2,1
1852,2,2,3,1,2,2,2
1853,4,3,2,3,2,2,3
1854,4,3,2,3,2,2,3
1855,2,2,2,3,2,2,3
1856,3,2,2,3,2,2,3
1857,3,2,2,2,2,2,2
1858,3,2,3,3,2,2,3
1859,4,4,4,3,3,3,3
1860,3,3,2,1,2,2,1
1861,2,1,3,1,2,2,1
1862,2,2,3,1,2,2,1
1863,2,2,3,2,2,2,2
1864,3,2,3,3,3,3,3
1865,2,2,2,2,2,2,2
1866,2,2,2,2,2,2,1
1867,2,2,3,1,2,2,1
1868,4,3,3,3,3,3,3
1869,3,3,2,3,2,2,3
1870,3,3,3,2,2,2,1
1871,3,3,3,2,2,2,1
1872,2,2,3,2,2,2,1
1873,2,3,3,1,2,3,1
1874,2,1,2,1,2,2,1
1875,3,1,2,3,2,2,3
1876,2,1,2,2,2,2,1
1877,4,4,3,4,3,3,4
1878,2,2,2,2,2,2,3
1879,3,2,3,3,3,3,3
1880,3,2,3,3,2,2,3
1881,3,2,2,3,2,2,3
1882,4,4,3,4,3,3,4
1883,4,3,2,3,3,3,3
1884,3,2,1,2,1,1,3
1885,3,2,1,3,2,1,2
1886,3,2,3,3,3,3,3
1887,3,2,3,3,3,3,3
1888,3,2,3,2,2,2,3
1889,3,2,3,2,3,3,3
1890,2,1,3,2,3,3,2
1891,3,2,3,3,2,2,3
1892,4,4,3,3,3,3,3
1893,3,3,2,2,2,2,2
1894,2,1,1,2,1,1,2
1895,2,1,1,2,1,1,1
1896,3,3,1,2,1,1,2
1897,3,3,3,2,2,2,2
1898,2,1,2,1,2,2,1
1899,3,2,3,2,3,3,1
1900,2,1,3,1,2,2,1
1901,4,3,2,3,3,2,2
1902,4,4,3,3,3,3,3
1903,2,1,3,1,2,2,1
1904,2,2,2,2,2,2,2
1905,2,2,2,3,2,2,3
1906,3,2,3,3,2,2,3
1907,4,3,3,3,3,3,3
1908,2,2,2,2,2,2,2
1909,3,2,3,3,3,3,3
1910,3,2,3,2,3,3,2
1911,4,3,3,4,3,3,4
1912,3,3,2,3,2,2,4
1913,4,3,2,3,2,2,2
1914,2,2,2,3,2,2,3
1915,2,1,2,2,2,2,2
1916,2,1,3,3,2,2,3
1917,2,2,2,2,2,2,2
1918,2,1,3,1,2,2,1
1919,3,2,3,3,2,2,3
1920,3,2,3,3,3,3,3
1921,2,2,2,2,2,2,2
1922,2,1,1,2,1,1,2
1923,1,1,2,1,2,2,1
1924,3,3,2,3,2,2,3
1925,1,1,1,1,1,1,1
1926,3,3,3,3,3,3,3
1927,3,3,2,3,2,2,3
1928,4,3,3,3,3,3,3
1929,3,3,1,1,2,2,1
1930,3,3,2,3,2,3,2
1931,2,2,2,2,2,2,2
1932,3,2,2,2,2,2,2
1933,2,2,2,2,2,2,1
1934,2,2,1,2,1,1,2
1935,2,2,2,2,2,2,2
1936,3,2,2,3,3,3,3
1937,2,2,2,3,2,2,3
1938,2,2,1,2,1,1,2
1939,3,2,2,2,2,2,1
1940,2,2,2,2,2,2,1
1941,4,3,3,3,3,3,3
1942,4,3,3,3,3,3,3
1943,4,3,3,3,3,3,3
1944,3,2,2,3,3,3,3
1945,4,3,3,3,3,3,4
1946,3,3,3,3,3,3,3
1947,3,3,2,3,3,3,3
1948,4,3,3,3,3,3,3
1949,3,3,2,2,2,2,3
1950,2,1,3,2,2,2,2
1951,2,1,3,2,2,2,2
1952,4,4,2,4,3,2,4
1953,3,3,3,3,3,3,3
1954,3,3,3,3,3,3,3
1955,2,2,3,2,2,2,2
1956,3,3,3,3,3,3,3
1957,2,2,2,2,2,2,2
1958,3,3,2,2,2,2,2
1959,4,3,3,3,3,3,3
1960,3,3,2,3,2,2,3
1961,3,2,3,2,3,3,3
1962,3,3,3,3,3,3,3
1963,4,4,2,4,4,3,4
1964,3,3,3,3,3,3,3
1965,4,3,4,3,3,3,3
1966,3,3,3,3,3,3,3
1967,3,2,3,3,3,3,3
1968,2,2,3,2,2,2,3
1969,2,2,3,2,2,2,2
1970,3,2,3,3,3,3,3
1971,3,2,3,3,3,3,3
1972,4,3,3,4,3,3,4
1973,3,3,3,3,2,2,3
1974,4,3,3,3,3,3,3
1975,4,3,3,3,3,3,3
1976,4,4,4,4,4,4,4
1977,4,4,4,4,4,4,4
1978,4,4,4,4,4,4,4
1979,4,4,4,4,3,3,4
1980,4,4,3,4,4,3,4
1981,4,4,3,3,4,3,4
1982,3,3,2,3,2,2,3
1983,3,3,2,3,2,2,3
1984,3,3,2,3,2,2,3
1985,3,3,2,3,2,2,2
1986,4,3,3,3,3,3,3
1987,4,3,4,3,4,4,3
1988,4,4,3,4,3,3,4
1989,3,2,3,3,3,3,3
1990,3,2,3,3,2,2,3
1991,4,3,3,4,4,3,4
1992,4,3,3,4,4,3,4
1993,4,4,3,4,3,3,4
1994,4,4,4,4,4,4,4
1995,2,2,3,2,2,2,1
1996,2,2,3,2,2,2,1
1997,2,1,3,3,2,2,3
1998,2,2,3,3,2,2,2
1999,2,2,2,3,2,2,3
2000,3,3,3,4,3,3,4