,file_id,1_texture,1_pores,1_spot,1_saggy,1_clear,1_melanin,1_wrinkles
0,1.jpg,3,2,3,3,4,3,3
1,6.jpg,4,4,1,4,2,1,4
2,7.jpg,3,3,2,3,3,2,4
3,8.jpg,2,3,1,2,1,1,1
4,9.jpg,3,2,3,3,3,3,2
5,10.jpg,4,3,3,4,4,3,4
6,11.jpg,2,1,3,4,3,3,3
7,12.jpg,4,2,3,4,4,3,4
8,14.jpg,2,2,3,3,3,3,3
9,16.jpg,3,3,1,3,3,2,3
10,17.jpg,4,3,3,4,3,3,4
11,20.jpg,3,3,2,2,2,2,3
12,21.jpg,2,2,3,3,2,2,3
13,23.jpg,3,2,3,3,3,3,2
14,24.jpg,3,3,2,3,2,2,3
15,25.jpg,2,2,2,3,3,2,3
16,26.jpg,3,3,2,4,3,3,4
17,27.jpg,3,2,2,3,2,2,3
18,28.jpg,4,4,2,4,3,2,3
19,29.jpg,2,3,2,1,2,2,1
20,30.jpg,3,2,2,3,2,2,3
21,31.jpg,2,2,4,2,3,3,2
22,32.jpg,3,3,2,3,3,2,3
23,33.jpg,3,2,2,3,2,2,3
24,34.jpg,2,2,1,2,1,1,2
25,35.jpg,3,3,2,2,3,3,3
26,37.jpg,3,3,3,4,2,2,3
27,38.jpg,4,3,2,4,2,2,3
28,39.jpg,3,3,2,3,2,2,3
29,40.jpg,4,3,3,4,3,3,4
30,41.jpg,4,4,3,4,4,3,4
31,42.jpg,3,3,2,1,2,2,1
32,43.jpg,2,2,1,1,2,1,1
33,44.jpg,2,2,1,1,2,1,1
34,46.jpg,2,1,3,1,2,2,1
35,47.jpg,1,1,1,1,2,1,1
36,48.jpg,3,3,3,3,3,3,3
37,49.jpg,4,3,4,2,3,3,3
38,50.jpg,2,2,3,1,3,3,1
39,51.jpg,3,3,4,1,3,3,1
40,53.jpg,3,4,3,4,3,3,4
41,56.jpg,3,2,3,3,3,3,3
42,57.jpg,3,2,2,3,2,2,2
43,58.jpg,2,2,2,2,1,1,1
44,59.jpg,3,3,3,2,3,2,2
45,60.jpg,3,3,3,2,3,2,2
46,62.jpg,3,2,2,2,2,2,2
47,63.jpg,3,3,2,2,3,2,2
48,64.jpg,3,3,2,3,3,2,3
49,65.jpg,3,2,3,2,3,2,3
50,66.jpg,3,2,3,3,3,3,3
51,69.jpg,2,2,1,2,1,1,2
52,70.jpg,3,3,2,2,3,2,2
53,71.jpg,3,2,2,3,3,2,3
54,72.jpg,3,2,2,3,2,2,3
55,73.jpg,3,2,2,3,2,2,3
56,74.jpg,3,2,2,3,2,2,3
57,75.jpg,4,4,1,4,2,1,3
58,76.jpg,4,4,1,4,2,1,4
59,77.jpg,3,2,2,3,2,2,3
60,78.jpg,2,2,1,1,2,1,1
61,79.jpg,3,3,2,2,2,2,2
62,80.jpg,4,3,2,3,3,2,3
63,81.jpg,4,3,2,4,2,2,4
64,82.jpg,3,3,2,2,3,2,2
65,83.jpg,2,2,2,3,2,2,3
66,84.jpg,3,3,3,3,3,3,2
67,85.jpg,3,3,3,4,3,3,4
68,86.jpg,2,3,2,1,2,2,1
69,87.jpg,3,2,3,3,4,3,3
70,88.jpg,3,2,3,3,3,3,3
71,89.jpg,3,3,2,3,3,2,3
72,90.jpg,3,2,2,3,2,2,3
73,91.jpg,3,3,3,2,3,2,2
74,92.jpg,4,4,3,4,3,3,4
75,93.jpg,3,3,2,3,3,2,3
76,94.jpg,4,3,2,4,3,2,4
77,95.jpg,3,3,3,3,3,3,3
78,96.jpg,2,2,2,3,1,2,3
79,97.jpg,4,3,3,4,4,3,4
80,98.jpg,4,4,3,3,3,3,4
81,101.jpg,4,4,3,4,3,2,3
82,103.jpg,3,2,1,2,2,1,2
83,104.jpg,3,3,3,2,3,3,3
84,105.jpg,3,2,2,3,2,2,3
85,106.jpg,2,2,2,3,1,2,3
86,107.jpg,3,2,2,2,2,2,2
87,108.jpg,3,2,1,2,2,1,2
88,109.jpg,3,3,3,4,3,3,4
89,110.jpg,3,2,3,3,4,3,3
90,111.jpg,3,3,2,3,3,2,3
91,112.jpg,3,2,2,3,2,2,3
92,113.jpg,2,2,1,2,1,1,2
93,114.jpg,1,1,1,1,1,1,1
94,115.jpg,4,4,3,4,3,3,3
95,116.jpg,3,3,2,3,2,2,3
96,117.jpg,2,2,2,2,2,2,2
97,118.jpg,1,1,3,1,2,3,1
98,119.jpg,4,4,3,4,4,3,4
99,121.jpg,4,4,4,4,4,3,3
100,122.jpg,3,3,3,3,3,3,3
101,123.jpg,3,3,2,3,2,2,3
102,125.jpg,2,2,2,2,2,2,2
103,126.jpg,3,3,3,3,3,3,3
104,127.jpg,3,3,3,4,3,3,4
105,128.jpg,4,4,3,4,3,3,3
106,129.jpg,3,2,3,3,2,3,2
107,130.jpg,3,3,2,3,2,2,3
108,131.jpg,2,2,2,2,2,2,2
109,132.jpg,3,3,3,4,3,3,4
110,133.jpg,3,2,2,3,2,2,2
111,135.jpg,3,3,2,3,2,2,3
112,136.jpg,3,3,3,4,3,3,3
113,137.jpg,3,3,2,4,2,2,3
114,138.jpg,2,2,1,1,2,1,1
115,139.jpg,3,3,2,3,3,2,2
116,140.jpg,4,4,4,4,4,3,3
117,141.jpg,3,3,3,3,3,3,3
118,142.jpg,3,3,3,3,3,2,3
119,144.jpg,2,2,2,3,2,2,4
120,145.jpg,3,3,3,3,3,3,3
121,147.jpg,3,3,4,3,3,3,3
122,150.jpg,3,3,2,2,2,2,2
123,151.jpg,2,2,2,4,2,2,3
124,153.jpg,3,2,2,3,2,2,3
125,154.jpg,2,2,3,2,2,2,2
126,155.jpg,4,4,4,4,4,3,3
127,157.jpg,3,3,2,2,2,2,3
128,158.jpg,3,3,3,3,3,3,3
129,159.jpg,4,4,3,4,4,3,4
130,160.jpg,3,3,2,3,2,2,3
131,161.jpg,2,2,2,3,2,2,3
132,163.jpg,3,3,2,3,2,2,3
133,164.jpg,3,3,2,3,2,2,3
134,166.jpg,3,3,3,4,3,3,4
135,167.jpg,3,3,2,4,3,2,4
136,168.jpg,3,3,3,2,3,2,2
137,169.jpg,3,3,3,3,3,2,3
138,170.jpg,3,2,2,2,2,2,2
139,171.jpg,2,2,2,4,2,2,3
140,172.jpg,3,3,3,4,3,3,3
141,173.jpg,4,3,2,3,3,2,3
142,174.jpg,3,3,2,4,3,2,4
143,176.jpg,3,3,2,3,2,2,3
144,177.jpg,2,2,2,1,2,2,1
145,178.jpg,3,3,3,2,3,2,2
146,179.jpg,2,3,2,1,2,2,1
147,180.jpg,3,3,3,4,3,3,3
148,181.jpg,4,3,2,3,3,2,3
149,182.jpg,4,3,2,3,3,2,3
150,183.jpg,3,3,2,4,3,2,3
151,184.jpg,3,3,2,3,2,2,3
152,185.jpg,3,3,1,3,1,1,2
153,186.jpg,3,2,2,4,2,2,3
154,187.jpg,3,3,2,4,3,2,3
155,188.jpg,3,3,2,2,3,2,2
156,189.jpg,3,2,2,3,2,2,3
157,190.jpg,2,1,2,3,2,3,3
158,191.jpg,3,3,2,2,2,2,1
159,192.jpg,2,2,2,2,2,2,2
160,193.jpg,4,4,2,4,3,2,3
161,194.jpg,4,4,3,4,3,3,4
162,195.jpg,3,2,3,3,3,3,3
163,196.jpg,3,3,2,2,2,2,1
164,197.jpg,3,3,2,4,2,2,3
165,198.jpg,4,3,4,4,3,3,4
166,199.jpg,3,3,2,4,2,2,3
167,200.jpg,3,2,3,3,2,3,3
168,201.jpg,3,3,3,2,3,3,2
169,202.jpg,3,3,3,2,3,3,2
170,203.jpg,2,2,2,1,2,2,1
171,204.jpg,2,2,1,3,2,2,2
172,205.jpg,4,4,3,4,4,3,4
173,206.jpg,2,2,3,2,2,3,2
174,207.jpg,3,2,3,3,3,3,3
175,208.jpg,3,3,2,2,2,2,2
176,209.jpg,3,3,2,3,3,2,2
177,210.jpg,4,4,3,4,4,3,4
178,211.jpg,3,3,2,4,2,2,3
179,212.jpg,3,3,2,4,2,2,3
180,213.jpg,3,3,2,2,3,2,2
181,214.jpg,3,2,3,2,2,3,3
182,215.jpg,4,4,2,4,3,2,4
183,216.jpg,3,3,2,2,2,2,2
184,218.jpg,3,2,2,3,2,2,2
185,219.jpg,2,2,2,2,2,2,2
186,220.jpg,4,4,2,4,3,2,3
187,221.jpg,4,4,2,3,2,2,3
188,222.jpg,4,3,3,4,3,3,4
189,223.jpg,3,2,2,2,2,2,2
190,224.jpg,2,3,3,2,2,3,2
191,225.jpg,3,3,2,3,2,2,2
192,226.jpg,3,2,3,4,3,3,4
193,227.jpg,4,3,3,3,3,3,3
194,228.jpg,3,2,2,2,2,2,2
195,229.jpg,2,3,3,2,2,3,2
196,230.jpg,3,2,3,4,3,3,4
197,231.jpg,3,3,3,4,3,3,3
198,232.jpg,2,2,2,2,2,2,2
199,233.jpg,4,4,2,2,3,2,2
200,234.jpg,3,3,2,2,2,2,2
201,235.jpg,3,3,2,3,3,2,2
202,236.jpg,4,3,2,4,3,3,4
203,237.jpg,3,3,2,4,3,2,3
204,238.jpg,3,3,1,3,2,1,2
205,240.jpg,3,3,4,3,3,4,3
206,241.jpg,4,3,3,4,3,3,4
207,243.jpg,3,3,2,1,2,2,1
208,244.jpg,3,3,2,3,3,2,3
209,245.jpg,3,3,2,3,3,2,2
210,246.jpg,1,1,1,1,1,1,1
211,247.jpg,2,1,2,2,2,2,2
212,248.jpg,2,1,2,2,2,2,2
213,249.jpg,3,3,2,2,2,2,2
214,250.jpg,2,2,2,2,2,2,2
215,251.jpg,3,3,2,3,2,2,3
216,252.jpg,2,2,2,2,2,2,2
217,253.jpg,2,2,2,2,2,2,2
218,254.jpg,3,2,2,2,2,2,2
219,255.jpg,4,4,3,4,4,3,3
220,256.jpg,3,2,3,2,2,3,3
221,257.jpg,3,2,2,3,2,2,3
222,258.jpg,4,3,3,3,3,3,3
223,259.jpg,2,2,3,2,2,3,2
224,262.jpg,3,3,3,2,3,2,2
225,263.jpg,2,2,2,2,2,2,2
226,264.jpg,2,2,2,2,2,2,2
227,265.jpg,3,2,3,3,2,3,2
228,266.jpg,3,3,3,3,3,3,3
229,267.jpg,3,2,2,3,2,2,3
230,268.jpg,3,3,3,4,3,3,4
231,270.jpg,4,4,3,4,3,3,4
232,271.jpg,3,3,3,3,3,3,3
233,272.jpg,3,3,3,3,3,3,3
234,274.jpg,3,2,3,3,2,3,3
235,276.jpg,2,2,2,2,2,2,2
236,277.jpg,4,3,2,4,3,2,3
237,278.jpg,3,2,2,2,2,2,2
238,279.jpg,3,3,3,3,3,3,2
239,280.jpg,3,3,2,3,2,2,2
240,282.jpg,3,2,2,2,2,2,2
241,283.jpg,2,2,2,3,2,2,2
242,284.jpg,2,2,2,2,2,2,1
243,285.jpg,3,2,3,2,2,3,2
244,287.jpg,2,3,2,2,3,2,2
245,288.jpg,3,2,2,2,2,2,2
246,289.jpg,3,3,2,3,3,3,3
247,294.jpg,3,3,3,3,3,3,3
248,295.jpg,4,3,3,4,3,3,4
249,296.jpg,3,3,2,3,2,2,3
250,297.jpg,4,4,2,3,2,2,3
251,298.jpg,3,3,2,3,2,2,3
252,299.jpg,3,3,2,3,2,2,3
253,300.jpg,3,2,2,3,2,2,3
254,301.jpg,2,2,1,1,1,1,1
255,302.jpg,3,3,2,2,2,2,3
256,303.jpg,3,2,2,2,2,2,2
257,304.jpg,3,3,3,3,3,3,3
258,305.jpg,2,2,3,2,2,3,2
259,306.jpg,2,2,3,2,2,3,2
260,307.jpg,3,3,3,3,3,3,3
261,312.jpg,3,3,3,3,3,3,3
262,313.jpg,3,3,2,3,2,2,2
263,314.jpg,3,3,2,3,2,2,3
264,315.jpg,3,3,2,3,2,2,3
265,317.jpg,4,3,2,3,3,2,3
266,318.jpg,3,3,2,3,3,2,3
267,319.jpg,3,3,3,3,3,3,3
268,320.jpg,4,4,2,4,3,3,3
269,321.jpg,3,3,2,3,2,2,3
270,322.jpg,4,4,3,3,3,3,4
271,323.jpg,4,3,3,4,3,3,3
272,329.jpg,4,3,2,3,3,2,3
273,330.jpg,3,3,2,3,2,2,3
274,331.jpg,4,4,2,4,3,2,4
275,332.jpg,3,3,2,3,2,2,3
276,333.jpg,4,4,2,4,3,3,3
277,334.jpg,3,3,2,1,2,2,1
278,337.jpg,3,2,3,3,3,3,3
279,339.jpg,2,2,3,2,2,2,2
280,340.jpg,1,1,3,1,2,2,1
281,341.jpg,4,4,2,3,3,2,2
282,342.jpg,4,4,3,4,3,3,3
283,343.jpg,2,2,3,2,2,2,2
284,345.jpg,2,2,2,2,2,2,2
285,346.jpg,2,2,3,2,2,2,2
286,347.jpg,4,4,4,4,4,3,3
287,348.jpg,3,3,2,2,2,2,3
288,349.jpg,3,3,2,2,2,2,3
289,350.jpg,3,2,2,2,2,2,2
290,351.jpg,3,2,3,3,3,3,3
291,352.jpg,3,3,2,3,3,2,3
292,353.jpg,3,3,1,2,2,1,2
293,354.jpg,3,3,3,2,3,2,2
294,355.jpg,3,3,2,3,2,2,2
295,358.jpg,3,3,4,4,3,4,4
296,359.jpg,4,3,4,3,3,3,3
297,360.jpg,2,2,2,2,2,2,2
298,361.jpg,2,1,2,2,2,2,1
299,362.jpg,2,1,2,2,2,2,1
300,363.jpg,2,2,1,2,2,2,2
301,364.jpg,2,2,2,2,3,2,2
302,365.jpg,3,3,2,3,2,2,2
303,366.jpg,3,3,3,3,3,3,3
304,367.jpg,2,2,2,3,2,2,2
305,368.jpg,2,2,2,2,2,2,1
306,369.jpg,3,3,3,3,3,3,3
307,371.jpg,2,3,3,2,3,3,2
308,372.jpg,2,2,2,3,2,2,2
309,376.jpg,2,2,2,2,2,2,3
310,378.jpg,2,2,2,1,2,2,1
311,379.jpg,3,3,1,2,1,1,2
312,380.jpg,2,2,1,2,1,2,2
313,381.jpg,3,4,3,3,3,3,3
314,382.jpg,3,3,3,3,3,3,3
315,386.jpg,3,3,3,4,3,3,3
316,387.jpg,3,3,3,4,3,3,3
317,388.jpg,3,3,3,3,3,3,3
318,389.jpg,3,3,4,3,3,4,3
319,390.jpg,4,4,3,4,3,3,3
320,391.jpg,4,4,4,4,4,4,3
321,392.jpg,4,4,3,3,3,3,3
322,393.jpg,2,2,4,2,3,4,2
323,397.jpg,2,2,2,2,2,2,1
324,398.jpg,2,2,3,1,2,2,1
325,399.jpg,2,2,2,2,2,2,2
326,401.jpg,2,2,2,2,2,2,1
327,403.jpg,3,3,2,2,2,2,3
328,404.jpg,3,3,2,2,2,2,2
329,405.jpg,4,4,3,3,3,3,4
330,406.jpg,3,4,3,4,3,3,3
331,408.jpg,3,2,3,2,2,3,1
332,410.jpg,3,2,4,2,3,4,2
333,411.jpg,2,4,2,3,4,2,2
334,413.jpg,3,2,2,3,3,2,3
335,416.jpg,3,3,2,2,2,2,1
336,417.jpg,3,3,2,2,2,2,1
337,418.jpg,3,3,3,2,2,3,1
338,422.jpg,4,4,4,3,4,3,3
339,425.jpg,4,4,3,3,3,3,2
340,426.jpg,3,3,2,2,3,2,2
341,428.jpg,2,2,2,1,2,2,1
342,429.jpg,3,3,4,1,2,4,1
343,430.jpg,3,3,2,1,2,2,1
344,431.jpg,3,3,3,1,3,3,1
345,432.jpg,3,3,2,1,2,3,1
346,433.jpg,3,3,2,1,3,2,1
347,434.jpg,3,3,3,1,3,3,1
348,435.jpg,3,3,3,3,3,3,3
349,436.jpg,3,3,3,4,3,3,4
350,437.jpg,3,2,3,3,3,3,3
351,438.jpg,3,3,3,3,3,3,2
352,439.jpg,3,2,3,4,3,3,3
353,442.jpg,3,3,3,3,3,3,3
354,443.jpg,2,3,3,2,2,2,2
355,444.jpg,3,3,3,3,3,3,3
356,445.jpg,2,2,3,2,2,3,2
357,446.jpg,2,2,3,3,3,3,3
358,450.jpg,4,4,3,3,3,3,3
359,451.jpg,4,4,3,4,4,3,4
360,454.jpg,3,3,2,2,2,2,2
361,455.jpg,3,3,2,2,2,2,2
362,457.jpg,3,3,3,3,3,3,3
363,459.jpg,3,2,1,2,2,1,2
364,460.jpg,3,2,1,2,2,1,2
365,461.jpg,3,3,2,2,3,2,2
366,462.jpg,3,3,3,3,3,3,3
367,466.jpg,3,3,4,3,3,4,4
368,467.jpg,4,4,3,4,3,3,3
369,471.jpg,3,2,2,1,2,2,1
370,472.jpg,2,1,2,1,1,1,1
371,473.jpg,2,2,2,2,2,2,2
372,474.jpg,2,2,2,2,2,2,1
373,475.jpg,2,2,2,2,2,2,2
374,477.jpg,3,3,3,3,3,3,3
375,478.jpg,2,2,3,2,2,3,2
376,479.jpg,2,2,3,3,2,3,2
377,480.jpg,3,3,1,3,2,3,3
378,481.jpg,4,4,4,4,4,2,3
379,485.jpg,4,3,3,4,3,3,4
380,489.jpg,3,2,4,4,3,4,4
381,492.jpg,3,3,3,3,3,3,2
382,493.jpg,2,2,3,2,2,3,1
383,494.jpg,3,3,1,2,2,1,1
384,495.jpg,2,2,2,2,2,2,2
385,496.jpg,3,2,2,2,2,2,2
386,497.jpg,2,3,1,2,2,1,1
387,498.jpg,2,2,2,3,2,3,2
388,499.jpg,3,3,3,3,3,3,3
389,500.jpg,3,3,3,3,3,3,3
390,501.jpg,3,3,2,3,3,2,3
391,502.jpg,3,3,2,3,3,3,3
392,507.jpg,3,3,3,1,2,3,1
393,508.jpg,2,2,3,1,3,2,1
394,509.jpg,2,3,3,1,2,2,1
395,510.jpg,3,2,4,1,3,4,1
396,511.jpg,3,3,3,2,2,2,2
397,512.jpg,3,3,2,2,2,2,2
398,513.jpg,3,2,2,2,2,2,3
399,515.jpg,2,2,2,2,2,2,1
400,516.jpg,3,3,3,2,2,3,1
401,517.jpg,3,3,2,2,3,2,2
402,518.jpg,3,3,2,2,2,2,2
403,519.jpg,2,2,3,1,2,3,1
404,520.jpg,2,2,2,1,2,2,1
405,521.jpg,3,3,3,1,2,3,1
406,522.jpg,3,3,3,3,3,3,3
407,523.jpg,3,3,3,3,3,3,3
408,524.jpg,4,3,4,3,3,3,3
409,525.jpg,3,3,3,3,3,3,3
410,526.jpg,3,2,3,3,2,3,3
411,527.jpg,3,2,3,3,3,3,3
412,528.jpg,4,3,3,4,3,3,4
413,531.jpg,3,3,3,3,3,3,3
414,532.jpg,4,3,2,4,2,2,4
415,535.jpg,3,3,3,2,3,3,2
416,538.jpg,3,3,2,3,3,3,3
417,539.jpg,3,3,3,3,3,3,3
418,542.jpg,4,3,4,4,4,4,4
419,543.jpg,3,3,3,3,3,3,3
420,545.jpg,3,3,3,3,3,3,3
421,547.jpg,4,4,2,4,4,3,4
422,551.jpg,3,3,3,3,3,3,3
423,552.jpg,3,3,3,3,3,3,3
424,553.jpg,2,2,1,2,1,1,1
425,555.jpg,3,3,2,3,2,2,3
426,558.jpg,4,4,2,3,2,2,4
427,559.jpg,4,4,2,4,3,2,4
428,560.jpg,3,3,2,2,2,2,2
429,561.jpg,3,4,2,3,4,1,2
430,562.jpg,3,3,2,2,2,2,2
431,563.jpg,3,3,2,3,2,2,3
432,564.jpg,2,2,2,1,2,2,1
433,565.jpg,2,2,2,1,2,2,1
434,566.jpg,2,2,2,2,2,2,2
435,567.jpg,2,2,2,2,2,2,2
436,568.jpg,4,3,4,2,3,4,2
437,569.jpg,3,3,2,3,2,2,2
438,570.jpg,3,3,2,2,2,2,2
439,571.jpg,2,2,2,1,2,2,1
440,572.jpg,2,2,2,1,2,2,1
441,573.jpg,2,2,2,2,2,2,2
442,574.jpg,2,2,2,2,2,2,1
443,575.jpg,3,2,2,2,2,2,2
444,576.jpg,3,3,4,2,3,4,2
445,577.jpg,3,3,2,1,2,2,1
446,578.jpg,2,2,1,1,2,2,1
447,579.jpg,3,3,2,2,2,2,3
448,580.jpg,3,3,2,2,2,2,1
449,581.jpg,3,3,2,1,2,2,1
450,582.jpg,2,3,2,1,2,2,1
451,584.jpg,3,3,3,3,3,3,3
452,586.jpg,2,2,1,1,1,1,1
453,592.jpg,2,1,1,1,1,1,1
454,593.jpg,3,3,1,2,2,2,3
455,594.jpg,2,2,1,2,2,1,2
456,595.jpg,4,4,3,3,3,3,3
457,596.jpg,3,2,3,2,3,3,2
458,597.jpg,3,2,2,2,3,2,3
459,598.jpg,4,4,3,4,3,3,4
460,601.jpg,4,4,2,3,3,2,3
461,602.jpg,3,2,2,2,2,2,3
462,603.jpg,3,3,2,3,3,3,3
463,604.jpg,2,2,3,3,2,3,3
464,605.jpg,3,3,1,4,2,2,4
465,606.jpg,3,3,1,3,2,1,3
466,607.jpg,3,3,2,3,2,2,3
467,608.jpg,3,2,2,3,2,2,3
468,609.jpg,4,4,3,4,3,3,4
469,610.jpg,4,3,3,4,3,3,4
470,612.jpg,3,3,3,3,3,3,4
471,613.jpg,4,4,3,4,4,3,4
472,614.jpg,3,3,3,3,3,3,3
473,615.jpg,3,3,2,2,2,2,1
474,616.jpg,3,3,2,3,3,2,3
475,617.jpg,3,3,2,3,3,2,3
476,618.jpg,2,2,3,1,2,2,1
477,619.jpg,2,2,2,2,1,1,2
478,620.jpg,4,4,3,4,4,3,4
479,621.jpg,4,3,4,4,4,4,4
480,622.jpg,3,3,3,4,3,3,4
481,623.jpg,3,3,2,3,3,2,3
482,626.jpg,2,1,1,2,2,1,2
483,627.jpg,1,1,1,2,1,1,1
484,628.jpg,1,1,1,1,1,1,1
485,629.jpg,4,4,2,4,4,2,4
486,630.jpg,4,4,3,4,3,3,4
487,632.jpg,3,3,2,3,3,2,2
488,633.jpg,3,2,3,2,2,3,3
489,635.jpg,4,4,3,4,4,3,3
490,636.jpg,3,2,3,3,2,3,2
491,637.jpg,2,1,2,2,2,2,2
492,638.jpg,3,3,4,3,3,4,4
493,639.jpg,3,3,2,3,3,2,3
494,641.jpg,4,4,3,4,3,3,4
495,643.jpg,3,2,2,2,2,2,2
496,644.jpg,4,4,3,4,3,3,4
497,646.jpg,3,3,2,1,2,2,2
498,647.jpg,2,1,3,2,2,2,2
499,648.jpg,2,1,3,2,2,2,2
500,649.jpg,4,4,3,4,4,4,4
501,650.jpg,2,2,2,2,2,2,2
502,651.jpg,2,1,3,1,2,3,1
503,652.jpg,4,3,3,4,3,3,4
504,653.jpg,2,2,2,2,2,2,2
505,654.jpg,4,3,4,4,3,3,4
506,655.jpg,2,2,3,3,2,3,3
507,656.jpg,3,3,3,3,3,3,3
508,657.jpg,3,3,3,3,3,3,3
509,658.jpg,3,2,3,3,3,3,3
510,659.jpg,3,2,3,3,3,3,3
511,660.jpg,3,2,2,2,2,2,2
512,661.jpg,3,2,2,2,2,2,2
513,662.jpg,3,3,2,3,3,2,3
514,663.jpg,3,3,3,3,3,3,4
515,664.jpg,3,3,3,3,3,3,3
516,665.jpg,3,2,2,3,2,2,3
517,666.jpg,3,3,3,3,3,3,3
518,667.jpg,3,2,3,3,3,3,3
519,668.jpg,3,3,3,4,3,3,4
520,669.jpg,2,2,3,3,2,3,3
521,670.jpg,2,2,3,3,2,3,3
522,671.jpg,2,2,3,3,2,3,3
523,672.jpg,3,3,3,3,3,3,3
524,673.jpg,1,1,2,1,2,2,1
525,674.jpg,1,1,2,1,2,2,1
526,675.jpg,3,2,2,3,2,2,3
527,676.jpg,2,2,2,2,2,2,2
528,677.jpg,2,1,2,2,2,2,2
529,678.jpg,1,1,2,1,1,1,1
530,679.jpg,2,1,3,1,2,3,1
531,680.jpg,1,1,2,1,2,2,1
532,681.jpg,3,2,2,3,2,2,3
533,682.jpg,3,3,3,3,3,3,3
534,683.jpg,3,3,3,3,3,2,3
535,684.jpg,3,2,2,3,3,3,3
536,685.jpg,3,3,2,4,2,2,4
537,686.jpg,3,3,1,3,2,1,3
538,687.jpg,2,2,2,2,2,2,2
539,688.jpg,3,1,2,4,2,2,4
540,689.jpg,3,1,3,4,2,3,3
541,690.jpg,3,3,3,3,3,3,3
542,691.jpg,3,2,2,2,2,3,3
543,692.jpg,2,2,3,1,2,2,1
544,693.jpg,3,3,2,2,2,2,2
545,694.jpg,3,3,2,1,2,2,1
546,695.jpg,3,3,2,2,2,2,1
547,696.jpg,3,2,2,3,2,2,3
548,697.jpg,3,2,3,4,3,3,4
549,698.jpg,3,2,4,3,3,3,3
550,699.jpg,4,3,3,3,3,3,3
551,700.jpg,3,2,2,2,2,2,3
552,701.jpg,3,2,2,3,2,2,3
553,702.jpg,1,1,1,1,1,1,1
554,703.jpg,3,2,2,3,2,2,3
555,704.jpg,2,2,2,2,2,2,2
556,705.jpg,4,3,3,4,3,3,4
557,706.jpg,3,2,3,4,3,3,4
558,707.jpg,3,2,3,3,2,3,3
559,708.jpg,3,2,3,3,3,3,3
560,709.jpg,2,1,3,3,2,3,3
561,710.jpg,3,3,3,3,3,4,4
562,711.jpg,1,1,2,1,1,1,1
563,712.jpg,2,2,1,1,2,1,1
564,713.jpg,2,1,3,2,2,2,3
565,714.jpg,4,4,3,4,3,3,4
566,715.jpg,2,2,2,2,2,2,2
567,716.jpg,1,3,1,2,3,1,1
568,717.jpg,3,2,3,3,3,3,3
569,718.jpg,3,3,3,4,3,3,4
570,719.jpg,3,3,2,2,2,2,2
571,720.jpg,3,2,2,3,2,2,3
572,721.jpg,2,2,2,2,2,2,2
573,722.jpg,2,2,2,2,2,2,2
574,723.jpg,2,2,3,1,2,2,1
575,724.jpg,1,1,2,1,2,2,1
576,725.jpg,3,3,2,3,2,2,3
577,726.jpg,2,1,2,1,2,2,1
578,727.jpg,3,2,2,3,2,2,4
579,728.jpg,3,2,3,3,3,3,3
580,729.jpg,4,4,3,4,3,3,4
581,730.jpg,4,4,4,4,3,4,4
582,731.jpg,4,3,2,3,3,2,3
583,732.jpg,3,3,1,3,2,1,3
584,733.jpg,3,3,2,2,2,2,2
585,734.jpg,3,3,1,3,2,1,3
586,735.jpg,2,2,1,1,1,1,2
587,736.jpg,3,1,2,4,2,2,4
588,737.jpg,3,1,2,3,2,2,3
589,738.jpg,3,3,3,3,3,3,3
590,739.jpg,3,3,2,2,2,2,3
591,740.jpg,3,3,2,3,2,2,3
592,741.jpg,2,2,3,1,2,3,1
593,742.jpg,3,3,2,2,2,2,1
594,743.jpg,3,3,2,2,2,2,2
595,744.jpg,2,3,2,1,2,2,1
596,745.jpg,3,3,2,2,2,2,2
597,746.jpg,3,2,2,3,2,2,4
598,747.jpg,3,3,3,4,3,3,4
599,748.jpg,3,2,3,3,3,3,3
600,749.jpg,3,2,3,3,3,3,3
601,750.jpg,3,3,3,3,3,3,3
602,751.jpg,3,2,2,2,2,2,3
603,752.jpg,3,2,2,3,2,2,3
604,753.jpg,3,2,3,3,3,3,3
605,754.jpg,2,2,2,2,2,2,2
606,755.jpg,3,3,2,2,2,2,2
607,756.jpg,1,1,2,1,1,1,1
608,757.jpg,2,1,3,1,2,3,1
609,758.jpg,2,1,2,2,2,2,2
610,759.jpg,3,2,2,2,2,2,2
611,760.jpg,2,2,2,2,2,2,2
612,761.jpg,2,2,2,2,2,2,2
613,762.jpg,3,2,2,2,2,2,3
614,763.jpg,3,2,2,3,2,2,3
615,764.jpg,3,2,3,3,3,3,3
616,765.jpg,3,1,3,3,3,3,2
617,766.jpg,3,3,2,3,2,2,2
618,767.jpg,2,2,2,2,2,2,2
619,768.jpg,2,1,2,2,2,2,2
620,769.jpg,3,3,2,3,2,2,2
621,770.jpg,3,3,2,2,2,2,2
622,771.jpg,2,2,2,2,2,2,2
623,772.jpg,3,3,3,1,3,3,1
624,773.jpg,2,2,2,2,2,2,2
625,774.jpg,3,3,3,3,3,3,3
626,775.jpg,2,1,2,2,2,2,2
627,776.jpg,2,1,2,2,2,2,2
628,777.jpg,2,1,3,2,2,2,2
629,778.jpg,2,2,3,3,2,3,3
630,779.jpg,2,2,3,3,2,3,3
631,780.jpg,3,1,3,3,2,3,3
632,781.jpg,3,3,2,2,2,2,2
633,782.jpg,3,3,2,2,2,2,2
634,783.jpg,3,3,2,3,2,2,3
635,784.jpg,3,3,2,3,2,2,3
636,785.jpg,3,3,2,3,2,2,4
637,786.jpg,3,3,3,3,3,3,3
638,788.jpg,3,3,2,2,2,2,2
639,789.jpg,2,3,2,2,2,3,3
640,790.jpg,3,3,2,2,2,2,2
641,791.jpg,3,3,2,2,2,2,3
642,792.jpg,3,3,2,2,2,2,2
643,793.jpg,4,4,3,4,3,3,4
644,794.jpg,2,2,2,3,2,2,3
645,795.jpg,3,3,2,3,2,2,3
646,796.jpg,2,2,1,2,2,1,2
647,797.jpg,4,4,2,4,3,2,4
648,798.jpg,4,4,2,4,3,2,4
649,799.jpg,1,2,1,1,1,1,1
650,801.jpg,2,1,2,1,2,2,1
651,802.jpg,2,1,2,2,2,2,2
652,803.jpg,3,3,3,3,3,3,3
653,804.jpg,3,3,3,3,3,3,3
654,805.jpg,3,2,3,2,2,2,2
655,806.jpg,3,2,3,3,2,3,3
656,807.jpg,3,2,2,2,2,2,3
657,808.jpg,1,2,1,1,1,1,1
658,809.jpg,3,2,2,2,2,2,2
659,810.jpg,3,2,2,3,2,2,2
660,811.jpg,3,3,2,3,2,2,2
661,812.jpg,1,1,2,1,2,2,1
662,813.jpg,1,2,1,2,2,1,1
663,814.jpg,3,3,3,3,3,3,3
664,815.jpg,3,3,3,4,3,3,3
665,816.jpg,3,3,2,2,2,2,2
666,817.jpg,2,2,2,2,2,2,3
667,818.jpg,3,3,3,3,3,3,3
668,819.jpg,3,2,3,3,3,3,3
669,820.jpg,2,1,3,3,2,3,3
670,821.jpg,3,2,3,3,3,3,3
671,822.jpg,4,4,4,4,4,4,4
672,823.jpg,4,3,4,4,4,4,4
673,824.jpg,3,2,3,2,3,3,3
674,825.jpg,3,3,3,3,3,3,3
675,826.jpg,3,2,2,2,2,2,2
676,827.jpg,3,2,2,2,2,2,2
677,828.jpg,3,2,2,2,2,2,2
678,829.jpg,2,1,2,1,2,2,2
679,830.jpg,2,1,3,1,2,2,1
680,831.jpg,2,2,2,3,2,2,3
681,832.jpg,3,3,1,2,1,1,3
682,833.jpg,3,3,2,3,2,2,3
683,834.jpg,3,3,3,2,2,2,3
684,835.jpg,3,3,3,2,2,3,2
685,836.jpg,3,3,2,2,2,2,2
686,837.jpg,3,2,2,2,2,2,2
687,840.jpg,4,4,1,4,2,1,4
688,841.jpg,3,3,2,3,3,2,4
689,842.jpg,2,3,1,2,1,1,1
690,843.jpg,3,2,3,3,3,3,2
691,844.jpg,4,3,3,4,4,3,4
692,845.jpg,2,1,3,4,3,3,3
693,846.jpg,4,2,3,4,4,3,4
694,848.jpg,2,2,3,3,3,3,3
695,851.jpg,4,3,3,4,3,3,4
696,854.jpg,3,3,2,2,2,2,3
697,855.jpg,2,2,3,3,2,2,3
698,856.jpg,2,2,3,2,2,3,1
699,857.jpg,3,2,3,3,3,3,2
700,858.jpg,3,3,2,3,2,2,3
701,859.jpg,2,2,2,3,3,2,3
702,860.jpg,3,3,2,4,3,3,4
703,861.jpg,3,2,2,3,2,2,3
704,862.jpg,4,4,2,4,3,2,3
705,863.jpg,3,2,2,3,2,2,3
706,864.jpg,2,2,4,2,3,3,2
707,865.jpg,3,3,2,3,3,2,3
708,866.jpg,3,3,2,2,3,3,3
709,868.jpg,4,3,2,4,2,2,3
710,869.jpg,3,3,2,3,2,2,3
711,870.jpg,4,3,3,4,3,3,4
712,871.jpg,4,4,3,4,4,3,4
713,872.jpg,3,2,3,3,4,3,3
714,873.jpg,3,3,2,3,2,2,3
715,874.jpg,2,2,2,2,2,2,2
716,875.jpg,2,3,1,2,1,1,3
717,876.jpg,3,3,2,3,2,2,3
718,877.jpg,3,3,3,2,2,2,2
719,878.jpg,3,3,3,2,2,3,2
720,879.jpg,3,3,2,2,2,2,2
721,880.jpg,3,2,2,2,2,2,2
722,881.jpg,3,3,3,3,3,3,3
723,882.jpg,2,2,2,2,2,2,2
724,883.jpg,3,3,3,3,3,3,3
725,884.jpg,3,3,3,3,3,3,3
726,885.jpg,3,2,2,3,2,2,3
727,886.jpg,3,3,2,3,2,2,3
728,887.jpg,3,3,2,2,2,2,3
729,888.jpg,3,3,3,3,2,2,3
730,889.jpg,3,3,2,2,2,2,3
731,890.jpg,3,2,2,2,2,2,3
732,891.jpg,3,2,2,3,2,2,3
733,892.jpg,3,2,2,3,2,2,3
734,893.jpg,3,3,3,3,3,3,3
735,894.jpg,3,3,2,1,2,2,1
736,895.jpg,3,3,2,1,2,2,1
737,896.jpg,3,2,2,1,2,2,1
738,897.jpg,3,2,2,1,2,2,1
739,898.jpg,2,2,2,2,2,2,1
740,899.jpg,2,2,2,2,2,2,2
741,900.jpg,3,2,3,3,2,3,3
742,901.jpg,3,2,3,3,3,3,3
743,902.jpg,2,2,3,3,3,2,3
744,903.jpg,2,2,3,1,2,3,1
745,904.jpg,2,2,2,1,2,2,1
746,905.jpg,3,2,2,3,2,2,2
747,906.jpg,3,2,3,2,2,3,2
748,907.jpg,2,1,3,1,2,3,1
749,908.jpg,2,2,3,3,2,2,3
750,909.jpg,2,2,3,2,2,3,2
751,910.jpg,3,2,1,2,2,1,2
752,911.jpg,3,3,3,2,2,2,2
753,912.jpg,4,4,3,4,3,3,4
754,913.jpg,4,4,4,4,4,4,4
755,914.jpg,4,4,4,4,4,4,4
756,915.jpg,4,3,3,3,3,3,3
757,916.jpg,4,3,4,4,4,4,4
758,917.jpg,2,2,1,2,2,1,2
759,918.jpg,3,3,1,3,2,1,3
760,919.jpg,3,2,2,2,2,2,2
761,920.jpg,3,2,2,2,2,2,2
762,921.jpg,2,2,1,2,1,1,1
763,922.jpg,3,3,1,2,2,2,2
764,923.jpg,3,2,3,4,3,2,4
765,924.jpg,3,3,3,3,3,3,3
766,925.jpg,2,2,1,2,1,1,1
767,926.jpg,3,2,3,2,3,3,3
768,927.jpg,2,2,2,2,2,2,2
769,928.jpg,3,3,2,3,2,2,3
770,929.jpg,3,3,1,3,2,1,3
771,930.jpg,3,3,2,2,2,2,2
772,931.jpg,2,1,1,1,1,1,1
773,932.jpg,2,1,2,2,2,2,2
774,933.jpg,2,2,2,2,2,2,1
775,934.jpg,3,2,3,3,2,3,3
776,935.jpg,3,2,3,2,2,3,2
777,936.jpg,3,3,3,3,3,3,3
778,937.jpg,3,3,3,3,3,3,3
779,938.jpg,3,3,3,3,3,3,3
780,939.jpg,4,4,2,4,2,2,3
781,940.jpg,2,1,3,2,2,2,2
782,941.jpg,4,3,3,2,3,3,2
783,942.jpg,2,2,2,2,2,2,2
784,943.jpg,3,2,2,2,2,2,2
785,944.jpg,2,2,2,1,2,2,1
786,945.jpg,3,3,3,3,3,3,3
787,946.jpg,3,2,3,4,3,3,4
788,947.jpg,2,1,2,2,2,2,2
789,948.jpg,1,1,3,1,2,3,1
790,949.jpg,4,4,2,3,3,3,3
791,950.jpg,3,3,3,3,3,3,3
792,951.jpg,3,3,3,3,3,3,3
793,952.jpg,3,2,3,4,3,3,4
794,953.jpg,3,2,2,2,2,2,2
795,954.jpg,2,2,3,1,2,2,1
796,955.jpg,2,1,2,1,1,2,1
797,956.jpg,3,2,2,2,2,2,3
798,957.jpg,4,4,4,4,4,4,4
799,958.jpg,3,3,3,4,3,3,4
800,959.jpg,3,3,3,4,3,3,4
801,960.jpg,2,1,3,1,2,3,1
802,961.jpg,2,2,2,2,2,2,2
803,962.jpg,2,1,3,3,2,3,3
804,963.jpg,3,2,3,2,2,3,2
805,964.jpg,3,3,3,2,3,3,2
806,965.jpg,3,3,1,3,2,1,3
807,966.jpg,2,2,3,1,2,2,1
808,967.jpg,4,4,4,4,4,4,4
809,968.jpg,3,3,4,4,4,4,4
810,969.jpg,3,2,2,4,3,3,4
811,970.jpg,3,2,2,4,3,3,4
812,971.jpg,4,4,3,4,4,3,3
813,972.jpg,3,3,2,3,3,3,3
814,973.jpg,2,2,1,2,1,1,2
815,974.jpg,3,2,2,3,2,2,3
816,975.jpg,3,2,2,2,2,2,2
817,976.jpg,2,2,2,2,2,2,2
818,977.jpg,2,2,3,3,2,3,3
819,978.jpg,3,2,2,2,2,2,2
820,979.jpg,2,2,2,2,2,2,1
821,980.jpg,3,3,2,2,2,2,1
822,981.jpg,2,1,1,2,1,1,2
823,982.jpg,2,2,3,3,3,3,3
824,983.jpg,2,1,1,1,1,1,1
825,984.jpg,3,3,3,3,3,3,3
826,985.jpg,3,3,3,4,3,3,4
827,986.jpg,2,2,3,2,2,3,2
828,987.jpg,4,4,2,4,3,3,4
829,988.jpg,3,2,4,4,4,4,4
830,989.jpg,4,3,3,4,4,3,4
831,990.jpg,3,2,3,1,2,2,1
832,991.jpg,4,3,3,3,3,3,3
833,992.jpg,4,3,3,3,3,3,4
834,993.jpg,3,2,2,1,2,2,1
835,994.jpg,3,3,2,3,2,2,3
836,995.jpg,4,3,2,3,2,2,3
837,996.jpg,3,2,2,2,2,2,2
838,997.jpg,3,2,2,2,2,2,2
839,999.jpg,3,3,3,3,3,3,2
840,1002.jpg,3,3,2,3,2,2,3
841,1003.jpg,3,3,2,2,2,2,2
842,1004.jpg,3,2,2,2,2,2,1
843,1005.jpg,3,3,2,2,2,2,2
844,1006.jpg,2,2,2,2,2,3,2
845,1007.jpg,3,3,3,3,3,3,3
846,1008.jpg,2,2,3,2,3,3,2
847,1009.jpg,2,1,3,2,2,3,2
848,1010.jpg,2,2,3,2,2,2,1
849,1011.jpg,3,2,2,3,2,2,2
850,1012.jpg,3,2,2,2,2,2,2
851,1013.jpg,4,4,3,4,3,3,4
852,1014.jpg,2,2,1,1,2,1,1
853,1015.jpg,4,4,3,3,3,3,3
854,1016.jpg,3,3,2,3,2,2,3
855,1017.jpg,3,3,3,3,3,3,3
856,1018.jpg,3,2,2,3,2,2,3
857,1020.jpg,1,1,1,1,1,1,1
858,1021.jpg,1,1,1,1,1,1,1
859,1024.jpg,4,3,4,4,4,4,4
860,1027.jpg,4,3,4,4,4,4,4
861,1028.jpg,3,2,2,1,2,2,1
862,1035.jpg,2,2,2,2,2,2,2
863,1036.jpg,2,2,2,2,2,2,2
864,1037.jpg,2,2,2,1,2,2,1
865,1042.jpg,3,2,3,3,2,2,3
866,1043.jpg,3,3,4,3,3,3,3
867,1044.jpg,2,1,3,1,2,3,1
868,1045.jpg,2,1,3,2,2,3,2
869,1046.jpg,3,3,2,1,2,2,1
870,1047.jpg,3,3,3,2,2,2,2
871,1048.jpg,3,3,3,2,2,2,1
872,1049.jpg,2,2,3,2,2,2,1
873,1050.jpg,3,3,3,1,2,2,1
874,1051.jpg,3,3,3,2,3,3,1
875,1052.jpg,3,2,3,1,2,2,1
876,1053.jpg,2,2,3,2,2,2,1
877,1054.jpg,2,2,2,1,2,2,1
878,1055.jpg,3,2,3,1,3,3,1
879,1056.jpg,1,1,1,1,1,1,1
880,1057.jpg,3,1,2,4,2,2,4
881,1058.jpg,2,2,2,2,2,2,2
882,1060.jpg,3,3,2,2,2,2,2
883,1061.jpg,2,3,2,2,2,2,1
884,1062.jpg,4,4,4,4,4,4,4
885,1063.jpg,4,3,4,4,4,4,4
886,1065.jpg,2,2,2,2,2,2,2
887,1067.jpg,3,2,3,3,3,3,3
888,1068.jpg,3,3,3,3,2,2,3
889,1069.jpg,2,2,1,2,2,2,1
890,1071.jpg,3,1,3,3,3,3,3
891,1076.jpg,2,1,3,2,2,3,2
892,1078.jpg,3,3,3,3,3,3,3
893,1079.jpg,3,2,3,3,2,3,3
894,1080.jpg,3,2,3,2,2,2,3
895,1084.jpg,3,2,3,4,3,3,4
896,1085.jpg,3,2,3,3,3,3,4
897,1086.jpg,3,3,3,3,3,3,3
898,1087.jpg,3,2,2,3,2,2,3
899,1089.jpg,3,2,2,3,2,2,3
900,1090.jpg,2,2,3,2,2,2,2
901,1093.jpg,4,4,4,4,4,4,4
902,1094.jpg,2,1,2,2,2,2,2
903,1095.jpg,2,1,3,1,2,2,1
904,1096.jpg,3,3,3,3,3,3,3
905,1097.jpg,3,2,3,4,3,3,4
906,1098.jpg,3,2,3,3,3,3,3
907,1099.jpg,3,3,3,3,3,3,3
908,1100.jpg,2,2,3,2,2,3,2
909,1101.jpg,3,1,3,3,2,3,3
910,1102.jpg,4,3,2,3,4,3,4
911,1105.jpg,4,3,3,4,3,3,3
912,1106.jpg,4,3,2,4,2,2,3
913,1107.jpg,2,1,3,1,2,2,1
914,1108.jpg,3,3,3,3,3,3,2
915,1109.jpg,3,3,3,3,3,3,3
916,1110.jpg,3,3,1,2,1,1,3
917,1111.jpg,3,3,3,3,3,3,3
918,1112.jpg,3,3,3,3,3,3,3
919,1114.jpg,3,2,3,4,3,3,3
920,1116.jpg,3,3,3,3,3,3,3
921,1117.jpg,4,3,4,4,3,3,4
922,1118.jpg,4,4,3,4,4,3,4
923,1119.jpg,3,2,3,3,3,3,3
924,1120.jpg,3,2,3,2,2,2,3
925,1121.jpg,2,1,3,2,2,2,2
926,1122.jpg,3,2,3,3,2,2,3
927,1123.jpg,2,1,2,3,2,2,3
928,1124.jpg,2,1,2,3,1,2,3
929,1125.jpg,3,3,3,2,3,3,3
930,1132.jpg,2,2,1,2,2,1,2
931,1133.jpg,2,2,1,2,2,1,2
932,1134.jpg,3,3,1,3,2,1,2
933,1135.jpg,4,4,3,2,3,3,2
934,1136.jpg,2,2,2,1,2,2,1
935,1137.jpg,3,3,3,2,2,3,3
936,1138.jpg,3,3,3,1,2,3,1
937,1139.jpg,2,1,3,2,2,3,1
938,1140.jpg,1,1,2,1,1,2,1
939,1141.jpg,3,3,2,2,2,2,1
940,1142.jpg,4,4,2,3,3,2,3
941,1146.jpg,3,2,3,4,3,3,4
942,1147.jpg,2,2,3,2,2,2,2
943,1148.jpg,4,4,4,4,4,3,3
944,1149.jpg,3,3,2,2,2,2,2
945,1150.jpg,2,2,2,2,2,2,2
946,1152.jpg,3,2,2,2,2,2,2
947,1153.jpg,3,2,2,2,2,2,1
948,1154.jpg,2,2,2,2,2,2,2
949,1155.jpg,1,1,1,1,1,1,1
950,1156.jpg,1,1,1,1,1,1,1
951,1157.jpg,3,2,3,4,3,3,4
952,1159.jpg,3,3,3,3,2,2,3
953,1160.jpg,3,2,2,2,2,2,2
954,1161.jpg,3,3,3,3,3,3,3
955,1164.jpg,2,2,2,4,2,2,4
956,1165.jpg,4,4,2,4,3,3,4
957,1166.jpg,4,4,3,4,3,3,4
958,1171.jpg,2,1,3,2,2,3,2
959,1172.jpg,4,3,3,4,4,2,4
960,1173.jpg,2,1,3,4,3,3,3
961,1174.jpg,4,3,3,3,3,3,3
962,1175.jpg,3,3,1,2,2,2,1
963,1177.jpg,3,2,2,3,2,2,3
964,1178.jpg,4,3,4,4,3,3,4
965,1179.jpg,3,2,2,2,2,2,2
966,1180.jpg,3,3,2,2,2,2,3
967,1181.jpg,3,3,2,3,2,3,3
968,1182.jpg,3,2,2,3,2,2,3
969,1184.jpg,4,4,3,4,4,3,4
970,1186.jpg,2,1,3,2,2,2,2
971,1187.jpg,2,1,2,3,2,2,3
972,1188.jpg,3,2,2,3,2,2,3
973,1189.jpg,3,3,2,3,2,2,2
974,1190.jpg,3,3,2,3,2,2,3
975,1191.jpg,1,1,1,1,1,1,1
976,1192.jpg,3,2,2,2,2,2,3
977,1193.jpg,2,2,2,2,2,2,2
978,1194.jpg,3,2,2,2,2,2,2
979,1195.jpg,3,3,2,3,2,2,3
980,1196.jpg,2,2,1,2,2,1,1
981,1197.jpg,2,2,2,2,2,2,2
982,1198.jpg,3,2,2,2,2,2,2
983,1200.jpg,3,3,3,3,3,3,3
984,1201.jpg,2,2,2,2,2,2,2
985,1202.jpg,3,2,2,2,2,2,2
986,1203.jpg,3,2,2,3,2,2,3
987,1204.jpg,3,2,2,3,2,2,3
988,1205.jpg,3,2,2,3,2,2,3
989,1206.jpg,2,1,2,2,2,2,2
990,1207.jpg,3,2,2,3,2,2,3
991,1208.jpg,4,3,3,3,3,3,4
992,1209.jpg,3,3,3,2,2,2,2
993,1210.jpg,3,3,3,3,3,3,3
994,1211.jpg,3,2,2,3,2,2,3
995,1212.jpg,2,2,2,3,2,2,3
996,1213.jpg,3,3,1,2,1,1,2
997,1216.jpg,2,2,2,1,2,2,1
998,1217.jpg,3,3,2,3,2,2,3
999,1218.jpg,3,3,3,4,3,3,4
1000,1219.jpg,4,3,3,4,3,3,3
1001,1220.jpg,3,3,2,2,2,2,2
1002,1221.jpg,2,2,2,2,2,2,2
1003,1222.jpg,3,2,3,2,3,3,1
1004,1223.jpg,3,2,3,2,2,2,3
1005,1224.jpg,2,2,2,1,2,1,1
1006,1225.jpg,3,2,3,3,3,3,3
1007,1227.jpg,2,2,2,1,1,1,1
1008,1228.jpg,2,2,2,2,2,2,2
1009,1229.jpg,2,2,2,2,2,2,1
1010,1230.jpg,3,2,2,2,2,2,2
1011,1232.jpg,3,3,3,3,3,3,3
1012,1233.jpg,3,3,3,3,3,3,3
1013,1234.jpg,3,3,3,3,3,3,3
1014,1236.jpg,3,2,4,3,3,4,2
1015,1238.jpg,2,2,2,2,2,2,2
1016,1239.jpg,2,2,2,2,2,2,2
1017,1240.jpg,3,2,2,3,2,2,3
1018,1241.jpg,3,2,1,3,2,2,3
1019,1242.jpg,2,2,1,1,2,1,2
1020,1243.jpg,3,2,3,3,2,2,3
1021,1244.jpg,2,2,2,2,2,2,2
1022,1245.jpg,2,1,1,2,1,1,3
1023,1246.jpg,1,1,1,1,1,1,1
1024,1247.jpg,3,1,3,2,2,3,2
1025,1248.jpg,3,1,3,4,3,4,4
1026,1249.jpg,2,2,3,2,2,2,2
1027,1250.jpg,4,3,3,3,3,3,3
1028,1251.jpg,3,3,3,3,3,3,3
1029,1252.jpg,3,2,2,2,2,2,2
1030,1253.jpg,3,2,2,2,2,2,3
1031,1255.jpg,3,3,3,4,3,3,4
1032,1256.jpg,2,1,3,2,2,2,2
1033,1257.jpg,3,3,2,3,2,2,3
1034,1258.jpg,3,3,2,3,2,2,3
1035,1259.jpg,2,2,2,1,2,2,1
1036,1260.jpg,4,4,2,2,3,2,2
1037,1263.jpg,3,3,2,3,2,2,3
1038,1264.jpg,3,3,2,3,2,2,3
1039,1267.jpg,4,4,2,4,3,2,3
1040,1271.jpg,3,3,3,4,3,3,4
1041,1272.jpg,4,4,2,4,2,2,4
1042,1274.jpg,3,3,3,3,3,3,3
1043,1275.jpg,3,2,2,3,2,2,3
1044,1276.jpg,2,2,2,2,2,2,2
1045,1277.jpg,2,2,2,2,2,2,2
1046,1278.jpg,3,2,3,2,2,2,2
1047,1279.jpg,4,4,3,4,3,3,4
1048,1284.jpg,4,3,2,4,2,2,4
1049,1285.jpg,3,2,2,3,2,2,3
1050,1287.jpg,3,2,3,2,3,3,2
1051,1290.jpg,3,2,2,2,2,2,3
1052,1291.jpg,3,3,3,3,3,3,3
1053,1293.jpg,3,2,2,2,2,2,2
1054,1295.jpg,3,2,2,3,2,2,3
1055,1296.jpg,2,2,2,2,2,2,2
1056,1297.jpg,3,2,3,2,2,3,3
1057,1298.jpg,3,3,3,2,2,2,3
1058,1299.jpg,3,3,3,3,3,3,3
1059,1300.jpg,2,2,2,3,2,2,3
1060,1301.jpg,4,3,2,4,3,2,4
1061,1302.jpg,3,3,2,3,2,2,3
1062,1303.jpg,3,2,2,2,2,2,2
1063,1304.jpg,3,3,2,2,2,2,2
1064,1306.jpg,2,2,2,2,2,2,2
1065,1309.jpg,2,2,2,2,2,2,2
1066,1310.jpg,4,3,2,4,3,3,4
1067,1311.jpg,3,3,2,3,2,2,3
1068,1312.jpg,3,3,3,4,3,3,4
1069,1313.jpg,3,3,3,3,3,3,3
1070,1314.jpg,3,2,2,3,2,2,3
1071,1315.jpg,2,1,2,2,2,2,2
1072,1316.jpg,2,2,2,2,2,2,2
1073,1317.jpg,2,2,3,2,3,3,1
1074,1318.jpg,2,2,2,1,2,2,1
1075,1321.jpg,3,3,2,4,3,3,4
1076,1322.jpg,3,3,3,4,3,3,4
1077,1324.jpg,3,2,2,2,2,3,3
1078,1328.jpg,3,3,2,3,2,2,3
1079,1329.jpg,3,3,2,3,2,2,3
1080,1330.jpg,3,3,2,3,3,3,3
1081,1332.jpg,4,4,2,4,3,2,4
1082,1333.jpg,3,2,2,2,2,2,2
1083,1334.jpg,3,3,3,3,3,3,3
1084,1336.jpg,3,3,3,3,3,3,3
1085,1337.jpg,3,3,3,4,3,3,4
1086,1338.jpg,3,3,3,3,3,2,3
1087,1339.jpg,3,3,3,3,3,3,3
1088,1340.jpg,3,2,2,3,2,2,2
1089,1341.jpg,3,3,3,3,3,3,3
1090,1342.jpg,2,2,2,2,2,2,2
1091,1344.jpg,2,2,2,2,2,2,2
1092,1345.jpg,3,2,2,2,2,2,2
1093,1346.jpg,3,2,3,2,2,3,3
1094,1347.jpg,3,2,3,2,3,3,2
1095,1348.jpg,2,2,3,2,2,2,2
1096,1349.jpg,3,2,3,2,3,3,2
1097,1356.jpg,2,2,3,2,3,3,2
1098,1360.jpg,3,2,2,4,3,2,3
1099,1361.jpg,2,2,2,2,2,2,2
1100,1362.jpg,2,2,2,2,2,2,1
1101,1363.jpg,2,1,2,2,2,2,2
1102,1364.jpg,3,3,3,3,3,3,3
1103,1365.jpg,2,2,2,2,2,2,2
1104,1366.jpg,3,3,3,2,3,3,3
1105,1367.jpg,3,3,3,3,3,3,3
1106,1368.jpg,3,3,2,2,2,2,2
1107,1369.jpg,3,2,3,2,2,3,3
1108,1370.jpg,3,2,3,2,3,3,3
1109,1371.jpg,2,2,2,2,2,2,2
1110,1372.jpg,3,3,2,2,2,2,2
1111,1373.jpg,3,3,2,3,2,2,3
1112,1374.jpg,2,1,3,2,2,3,2
1113,1375.jpg,2,2,3,2,2,3,2
1114,1376.jpg,3,2,3,3,2,3,3
1115,1377.jpg,3,2,2,3,2,2,3
1116,1378.jpg,2,2,1,3,2,1,3
1117,1379.jpg,3,3,1,2,2,1,1
1118,1380.jpg,3,2,2,2,2,2,2
1119,1381.jpg,4,4,3,4,4,3,4
1120,1382.jpg,4,3,3,3,3,3,3
1121,1383.jpg,3,3,4,4,3,3,4
1122,1385.jpg,4,3,4,4,4,4,3
1123,1386.jpg,2,2,3,2,2,3,2
1124,1388.jpg,3,2,3,2,2,3,2
1125,1389.jpg,3,3,3,3,3,3,3
1126,1390.jpg,3,2,2,2,2,2,3
1127,1391.jpg,2,2,3,2,2,2,2
1128,1392.jpg,3,2,3,2,2,2,3
1129,1393.jpg,2,1,3,2,2,3,2
1130,1394.jpg,3,2,3,2,3,3,2
1131,1395.jpg,3,2,3,2,3,3,2
1132,1396.jpg,3,2,3,2,2,2,2
1133,1397.jpg,2,3,2,2,2,2,3
1134,1399.jpg,3,2,2,3,2,2,2
1135,1400.jpg,3,3,1,2,2,1,2
1136,1402.jpg,4,4,3,4,4,3,4
1137,1403.jpg,3,2,2,1,2,2,2
1138,1404.jpg,3,2,3,2,2,3,3
1139,1406.jpg,4,3,3,4,3,3,3
1140,1407.jpg,3,3,2,1,3,2,1
1141,1408.jpg,4,3,4,4,4,4,4
1142,1409.jpg,4,3,4,4,4,4,3
1143,1411.jpg,4,4,4,4,4,4,4
1144,1412.jpg,4,3,4,4,3,4,4
1145,1413.jpg,3,2,3,3,3,3,3
1146,1414.jpg,3,2,3,2,3,3,2
1147,1415.jpg,2,1,2,2,2,2,2
1148,1416.jpg,4,3,3,4,3,3,3
1149,1417.jpg,3,2,3,3,3,3,3
1150,1418.jpg,3,2,2,3,2,2,3
1151,1419.jpg,3,2,2,3,2,2,3
1152,1420.jpg,3,2,2,2,2,2,2
1153,1423.jpg,2,2,2,2,2,2,2
1154,1424.jpg,2,2,2,2,2,2,2
1155,1425.jpg,2,3,2,1,2,2,1
1156,1426.jpg,3,2,3,3,3,3,3
1157,1427.jpg,3,2,3,2,2,3,3
1158,1432.jpg,4,3,2,4,2,2,3
1159,1434.jpg,4,3,3,4,3,3,4
1160,1435.jpg,3,3,3,3,3,3,3
1161,1436.jpg,3,3,4,2,3,3,2
1162,1437.jpg,3,3,3,2,2,2,2
1163,1439.jpg,3,2,3,4,3,3,3
1164,1440.jpg,3,2,4,3,3,4,2
1165,1441.jpg,2,1,2,1,2,2,2
1166,1442.jpg,2,1,2,2,2,2,2
1167,1443.jpg,3,3,3,3,3,3,3
1168,1444.jpg,2,1,3,2,2,3,2
1169,1445.jpg,3,3,3,4,3,3,3
1170,1446.jpg,4,3,2,3,3,2,3
1171,1447.jpg,3,2,2,2,2,2,2
1172,1448.jpg,2,1,3,1,2,3,2
1173,1449.jpg,2,2,1,2,1,1,2
1174,1450.jpg,2,1,2,2,2,2,2
1175,1451.jpg,3,3,3,3,2,3,3
1176,1452.jpg,4,3,2,3,3,2,3
1177,1453.jpg,2,1,3,2,2,3,2
1178,1454.jpg,4,3,3,4,3,3,3
1179,1455.jpg,3,3,2,3,3,2,4
1180,1456.jpg,4,3,2,4,2,2,4
1181,1457.jpg,2,1,3,2,2,2,2
1182,1458.jpg,2,2,3,2,2,2,1
1183,1459.jpg,2,1,2,1,2,2,1
1184,1460.jpg,3,2,2,2,2,2,2
1185,1461.jpg,2,1,2,1,2,2,1
1186,1462.jpg,2,2,2,2,2,2,2
1187,1463.jpg,3,2,3,3,2,2,3
1188,1464.jpg,3,2,3,3,2,3,3
1189,1465.jpg,2,2,2,3,3,2,2
1190,1466.jpg,4,3,3,3,3,3,3
1191,1467.jpg,3,3,3,3,3,3,3
1192,1468.jpg,2,1,3,3,3,3,2
1193,1469.jpg,3,2,3,3,3,3,3
1194,1475.jpg,2,1,2,1,2,1,2
1195,1476.jpg,2,1,2,1,2,2,1
1196,1477.jpg,4,3,3,4,3,3,4
1197,1478.jpg,3,3,3,3,3,3,3
1198,1479.jpg,3,2,2,2,3,2,2
1199,1480.jpg,2,2,3,1,2,3,1
1200,1481.jpg,2,2,3,1,2,2,1
1201,1483.jpg,3,3,2,2,2,2,2
1202,1484.jpg,3,2,2,2,2,2,2
1203,1486.jpg,3,2,2,2,2,2,1
1204,1487.jpg,2,2,2,2,2,2,1
1205,1488.jpg,4,3,3,3,3,3,3
1206,1491.jpg,2,1,2,3,2,3,3
1207,1492.jpg,3,2,3,3,3,3,3
1208,1493.jpg,2,1,3,1,2,3,1
1209,1494.jpg,2,1,2,1,2,2,1
1210,1495.jpg,2,2,2,3,2,2,3
1211,1496.jpg,3,3,2,2,2,2,1
1212,1497.jpg,3,2,3,2,2,2,2
1213,1498.jpg,3,3,2,3,2,2,3
1214,1499.jpg,3,3,4,4,3,4,4
1215,1500.jpg,3,2,3,3,3,3,4
1216,1501.jpg,3,2,4,4,3,4,4
1217,1502.jpg,3,2,2,3,2,2,3
1218,1503.jpg,2,2,3,1,2,2,1
1219,1504.jpg,2,2,3,1,2,3,1
1220,1505.jpg,3,2,3,2,3,3,2
1221,1506.jpg,3,3,3,3,3,3,2
1222,1507.jpg,3,3,3,3,3,3,2
1223,1508.jpg,3,2,2,2,2,2,2
1224,1509.jpg,2,2,2,2,2,2,2
1225,1510.jpg,2,2,1,2,2,1,2
1226,1511.jpg,2,1,3,3,2,3,3
1227,1512.jpg,3,2,3,2,2,2,2
1228,1513.jpg,3,2,2,2,2,2,2
1229,1515.jpg,4,3,3,3,3,3,3
1230,1516.jpg,4,3,3,4,4,3,4
1231,1517.jpg,3,2,3,4,3,4,4
1232,1518.jpg,2,2,2,2,2,2,1
1233,1519.jpg,2,1,2,2,2,2,2
1234,1520.jpg,4,4,4,4,4,4,4
1235,1521.jpg,3,2,3,2,2,3,2
1236,1522.jpg,2,2,2,2,2,2,2
1237,1523.jpg,2,2,2,2,2,2,2
1238,1524.jpg,4,3,2,4,4,3,4
1239,1525.jpg,3,3,3,3,3,2,3
1240,1526.jpg,4,3,2,2,2,2,2
1241,1527.jpg,2,1,3,3,2,3,3
1242,1528.jpg,2,1,3,3,2,3,3
1243,1529.jpg,2,1,3,3,2,3,3
1244,1530.jpg,4,3,3,2,3,3,2
1245,1531.jpg,4,3,3,4,3,3,4
1246,1532.jpg,4,3,4,4,4,4,4
1247,1533.jpg,2,2,2,2,2,2,2
1248,1534.jpg,2,2,1,2,2,1,2
1249,1535.jpg,2,2,1,2,1,1,1
1250,1536.jpg,3,2,2,3,2,2,3
1251,1537.jpg,4,3,2,3,3,3,2
1252,1538.jpg,2,2,2,2,2,2,2
1253,1539.jpg,2,2,2,2,2,2,2
1254,1540.jpg,4,3,3,4,3,3,3
1255,1541.jpg,3,2,3,4,3,3,3
1256,1543.jpg,3,2,2,2,3,2,2
1257,1544.jpg,3,3,3,3,3,3,3
1258,1545.jpg,4,3,3,3,3,3,3
1259,1546.jpg,3,3,3,2,2,2,2
1260,1547.jpg,4,3,3,3,3,3,3
1261,1549.jpg,2,2,3,1,2,3,2
1262,1550.jpg,3,3,3,3,3,3,3
1263,1551.jpg,2,2,2,3,2,2,3
1264,1552.jpg,2,2,3,2,2,2,2
1265,1553.jpg,3,3,3,3,3,3,3
1266,1554.jpg,3,2,1,2,2,2,1
1267,1555.jpg,3,3,3,3,3,3,3
1268,1556.jpg,4,3,3,3,3,3,3
1269,1557.jpg,4,3,3,3,3,3,3
1270,1558.jpg,3,3,2,3,3,2,3
1271,1559.jpg,3,2,2,2,2,2,2
1272,1561.jpg,2,1,2,2,2,2,2
1273,1562.jpg,3,2,2,3,2,2,3
1274,1563.jpg,3,3,2,3,2,2,3
1275,1566.jpg,4,3,3,3,2,2,3
1276,1567.jpg,4,3,3,4,3,2,4
1277,1568.jpg,3,2,2,3,2,2,3
1278,1569.jpg,2,2,2,2,2,2,2
1279,1570.jpg,3,3,3,3,3,3,3
1280,1571.jpg,3,2,3,3,3,3,3
1281,1572.jpg,4,3,4,4,4,4,4
1282,1573.jpg,3,3,3,3,3,3,3
1283,1574.jpg,4,3,4,4,3,4,4
1284,1575.jpg,4,4,4,4,3,3,3
1285,1576.jpg,3,3,3,3,3,3,3
1286,1577.jpg,2,1,3,3,2,3,3
1287,1578.jpg,2,1,3,3,2,3,3
1288,1579.jpg,2,2,2,2,2,2,2
1289,1580.jpg,3,2,3,3,3,3,4
1290,1581.jpg,3,3,4,4,3,4,4
1291,1582.jpg,4,4,1,4,3,2,4
1292,1583.jpg,2,2,2,2,2,2,2
1293,1584.jpg,2,2,3,3,3,3,2
1294,1585.jpg,2,2,2,2,2,2,2
1295,1586.jpg,2,2,2,2,2,2,1
1296,1587.jpg,2,1,2,1,2,2,1
1297,1588.jpg,4,3,3,3,3,3,3
1298,1589.jpg,3,3,3,3,3,3,3
1299,1590.jpg,2,2,2,2,2,2,2
1300,1591.jpg,2,2,2,2,2,2,1
1301,1592.jpg,3,2,2,2,2,2,2
1302,1595.jpg,3,3,2,3,2,1,3
1303,1596.jpg,3,2,2,3,2,2,3
1304,1597.jpg,2,2,2,3,2,2,3
1305,1600.jpg,2,2,3,2,2,2,1
1306,1601.jpg,2,2,2,1,2,2,1
1307,1602.jpg,2,2,3,1,2,3,1
1308,1603.jpg,2,2,3,2,2,3,3
1309,1604.jpg,3,2,2,2,2,2,2
1310,1605.jpg,3,3,3,4,2,3,4
1311,1606.jpg,4,4,3,4,3,3,4
1312,1607.jpg,4,3,3,3,3,3,3
1313,1608.jpg,2,2,3,3,2,2,3
1314,1609.jpg,2,2,3,3,2,2,3
1315,1610.jpg,3,3,3,3,3,3,3
1316,1612.jpg,3,3,3,2,2,2,1
1317,1613.jpg,3,2,3,3,3,3,3
1318,1614.jpg,4,3,3,4,3,3,4
1319,1615.jpg,4,3,3,4,2,2,4
1320,1616.jpg,2,1,3,2,2,2,2
1321,1617.jpg,2,1,3,2,2,2,3
1322,1618.jpg,3,2,3,3,3,3,3
1323,1619.jpg,3,2,3,3,3,3,3
1324,1620.jpg,3,2,2,2,2,2,2
1325,1621.jpg,3,3,3,3,2,2,3
1326,1622.jpg,3,3,3,3,2,2,3
1327,1623.jpg,2,2,3,3,3,3,3
1328,1624.jpg,3,2,3,3,3,2,3
1329,1625.jpg,4,3,3,3,3,3,3
1330,1626.jpg,4,4,4,4,4,4,4
1331,1627.jpg,4,4,3,3,3,3,3
1332,1628.jpg,4,3,2,2,3,2,3
1333,1629.jpg,3,2,3,3,3,3,4
1334,1630.jpg,4,2,3,3,3,3,3
1335,1631.jpg,4,2,3,3,3,3,3
1336,1632.jpg,2,2,3,1,2,2,1
1337,1633.jpg,2,2,2,3,2,2,3
1338,1634.jpg,3,3,3,2,2,2,2
1339,1635.jpg,4,3,3,4,4,3,3
1340,1636.jpg,2,2,2,2,2,2,2
1341,1637.jpg,3,3,2,2,2,2,2
1342,1638.jpg,3,2,2,2,2,2,3
1343,1639.jpg,3,2,2,2,2,2,3
1344,1641.jpg,3,2,1,2,1,2,2
1345,1642.jpg,4,3,3,3,3,3,3
1346,1643.jpg,4,2,3,2,3,3,2
1347,1645.jpg,3,3,3,3,3,2,3
1348,1646.jpg,3,2,3,3,2,2,3
1349,1647.jpg,2,2,2,2,2,2,2
1350,1648.jpg,3,2,3,2,3,3,2
1351,1649.jpg,3,2,2,3,2,2,3
1352,1653.jpg,3,2,3,3,3,3,3
1353,1654.jpg,3,3,2,2,2,2,2
1354,1655.jpg,3,3,3,2,2,2,2
1355,1656.jpg,3,2,2,2,2,2,3
1356,1658.jpg,4,3,3,3,3,3,3
1357,1659.jpg,3,3,3,3,3,3,3
1358,1660.jpg,3,3,1,2,2,2,3
1359,1661.jpg,3,3,1,2,2,2,2
1360,1662.jpg,3,2,2,2,2,2,2
1361,1663.jpg,3,3,3,3,3,3,3
1362,1664.jpg,4,4,4,4,4,4,3
1363,1665.jpg,3,3,4,3,3,3,3
1364,1666.jpg,2,1,2,1,1,1,1
1365,1667.jpg,3,3,3,3,3,3,3
1366,1668.jpg,3,3,3,3,3,3,3
1367,1670.jpg,4,4,3,3,3,3,3
1368,1671.jpg,4,3,2,3,3,2,3
1369,1672.jpg,2,1,3,3,2,2,2
1370,1673.jpg,1,1,2,2,2,2,2
1371,1674.jpg,3,2,2,3,2,2,3
1372,1675.jpg,3,3,3,3,2,2,3
1373,1676.jpg,1,1,2,3,1,3,2
1374,1679.jpg,4,4,2,3,2,2,3
1375,1680.jpg,4,3,2,3,3,2,3
1376,1681.jpg,3,2,3,1,2,2,1
1377,1682.jpg,3,2,3,1,2,3,1
1378,1683.jpg,3,3,2,2,2,2,2
1379,1684.jpg,3,3,2,2,2,2,2
1380,1685.jpg,3,3,1,2,2,1,2
1381,1686.jpg,2,2,1,2,2,1,2
1382,1687.jpg,4,4,3,3,3,3,3
1383,1688.jpg,2,2,1,2,2,1,2
1384,1689.jpg,3,3,3,3,3,3,3
1385,1690.jpg,3,2,3,2,3,3,3
1386,1691.jpg,2,2,2,2,2,2,2
1387,1692.jpg,2,2,2,2,2,2,2
1388,1693.jpg,3,2,3,3,2,2,2
1389,1694.jpg,4,3,2,3,3,2,3
1390,1695.jpg,4,2,3,3,3,3,3
1391,1698.jpg,2,2,2,2,2,2,2
1392,1699.jpg,2,2,2,2,2,2,2
1393,1700.jpg,4,3,2,3,2,2,3
1394,1701.jpg,4,3,2,3,3,2,3
1395,1702.jpg,2,2,2,2,2,2,2
1396,1703.jpg,4,3,3,3,3,3,3
1397,1704.jpg,2,2,1,2,1,1,2
1398,1705.jpg,1,1,1,2,1,1,2
1399,1706.jpg,2,1,3,3,2,2,3
1400,1707.jpg,2,2,2,3,2,2,3
1401,1708.jpg,3,3,3,3,3,3,3
1402,1709.jpg,3,2,3,3,2,2,3
1403,1710.jpg,3,3,3,2,2,2,3
1404,1711.jpg,2,2,3,3,2,2,3
1405,1712.jpg,3,3,3,2,2,2,2
1406,1713.jpg,3,3,3,3,3,3,3
1407,1714.jpg,2,2,3,2,2,2,2
1408,1715.jpg,3,2,3,3,3,3,3
1409,1716.jpg,4,3,3,3,3,3,3
1410,1717.jpg,4,3,3,3,3,3,3
1411,1718.jpg,3,3,3,3,3,3,3
1412,1719.jpg,3,3,3,3,3,3,3
1413,1720.jpg,2,2,3,3,2,2,3
1414,1721.jpg,3,3,2,3,2,2,3
1415,1724.jpg,4,4,3,3,4,3,2
1416,1725.jpg,3,3,3,3,3,3,3
1417,1726.jpg,3,3,3,4,3,3,4
1418,1727.jpg,3,3,3,3,3,3,3
1419,1728.jpg,3,2,3,2,2,2,3
1420,1729.jpg,3,3,3,3,3,3,3
1421,1730.jpg,3,1,3,3,3,3,3
1422,1731.jpg,3,3,3,3,3,3,3
1423,1732.jpg,3,2,2,2,2,2,1
1424,1733.jpg,3,2,3,2,3,3,2
1425,1734.jpg,3,2,3,3,3,3,3
1426,1735.jpg,3,3,3,3,3,3,3
1427,1736.jpg,2,2,2,2,2,2,1
1428,1737.jpg,2,1,2,2,2,2,1
1429,1738.jpg,4,3,2,3,2,2,2
1430,1739.jpg,2,1,3,3,2,3,2
1431,1740.jpg,2,1,3,3,2,2,2
1432,1741.jpg,4,3,2,4,2,2,3
1433,1742.jpg,4,3,2,3,2,2,3
1434,1743.jpg,3,3,2,3,3,3,3
1435,1744.jpg,2,1,2,1,1,2,1
1436,1745.jpg,2,1,2,2,2,2,3
1437,1746.jpg,3,3,2,3,2,2,3
1438,1747.jpg,3,2,3,3,2,2,3
1439,1748.jpg,3,2,3,3,2,2,3
1440,1749.jpg,4,3,2,3,2,2,2
1441,1750.jpg,3,2,3,3,2,2,3
1442,1751.jpg,2,2,2,3,2,2,3
1443,1752.jpg,3,2,2,3,2,2,3
1444,1753.jpg,2,2,2,2,2,2,2
1445,1754.jpg,2,2,2,2,2,2,2
1446,1755.jpg,3,1,3,3,2,3,3
1447,1756.jpg,4,4,3,3,3,3,3
1448,1757.jpg,3,3,2,2,2,2,2
1449,1758.jpg,3,3,2,2,3,3,1
1450,1759.jpg,3,2,2,2,2,2,2
1451,1760.jpg,2,2,2,2,2,2,2
1452,1761.jpg,3,3,3,3,3,3,3
1453,1762.jpg,4,4,2,2,3,2,2
1454,1763.jpg,3,3,3,3,3,3,3
1455,1764.jpg,3,2,3,2,2,2,1
1456,1765.jpg,3,3,3,3,3,3,3
1457,1766.jpg,3,3,2,2,2,2,3
1458,1767.jpg,3,3,3,3,3,3,3
1459,1768.jpg,4,3,3,3,3,3,4
1460,1769.jpg,4,3,2,3,3,3,3
1461,1770.jpg,2,1,3,3,2,3,3
1462,1771.jpg,3,3,1,2,1,1,2
1463,1772.jpg,4,3,2,4,2,2,4
1464,1773.jpg,3,3,3,3,3,3,3
1465,1774.jpg,4,3,3,3,3,3,3
1466,1776.jpg,2,2,3,2,2,2,2
1467,1777.jpg,4,3,3,4,4,4,4
1468,1778.jpg,2,1,2,2,2,2,1
1469,1780.jpg,3,2,2,3,2,2,3
1470,1781.jpg,4,3,3,4,3,3,4
1471,1782.jpg,2,2,3,3,2,2,3
1472,1783.jpg,4,3,4,3,3,3,4
1473,1784.jpg,3,3,3,2,2,2,3
1474,1785.jpg,3,2,3,3,3,2,3
1475,1786.jpg,2,2,1,2,1,1,1
1476,1787.jpg,2,2,2,3,2,2,3
1477,1788.jpg,3,2,3,2,3,3,1
1478,1789.jpg,2,2,2,2,2,2,1
1479,1790.jpg,2,2,3,3,2,2,3
1480,1791.jpg,3,3,3,2,2,2,2
1481,1792.jpg,2,1,3,2,2,2,3
1482,1793.jpg,3,2,2,2,2,2,2
1483,1794.jpg,3,2,3,3,3,3,3
1484,1795.jpg,4,4,2,4,3,3,4
1485,1796.jpg,2,2,2,2,2,2,2
1486,1797.jpg,4,3,3,3,3,3,2
1487,1798.jpg,2,2,1,2,2,2,2
1488,1799.jpg,4,3,3,3,4,3,4
1489,1800.jpg,3,3,3,3,3,3,2
1490,1801.jpg,3,2,3,3,3,3,3
1491,1802.jpg,4,3,2,3,2,2,3
1492,1803.jpg,3,2,3,3,3,3,3
1493,1804.jpg,3,2,2,2,2,2,2
1494,1805.jpg,4,3,3,3,3,3,2
1495,1807.jpg,2,1,2,3,2,2,3
1496,1810.jpg,3,2,3,2,2,2,1
1497,1811.jpg,2,2,1,1,1,1,1
1498,1812.jpg,3,2,2,3,2,2,3
1499,1813.jpg,4,3,3,3,3,3,4
1500,1814.jpg,3,2,3,2,2,2,2
1501,1815.jpg,4,4,3,4,3,3,4
1502,1816.jpg,2,2,2,3,2,2,3
1503,1817.jpg,3,2,3,3,2,2,3
1504,1818.jpg,3,2,3,3,3,3,3
1505,1819.jpg,4,3,3,3,3,3,3
1506,1821.jpg,3,3,3,3,3,3,3
1507,1822.jpg,3,2,3,3,3,3,2
1508,1823.jpg,3,3,3,3,3,3,2
1509,1824.jpg,2,1,3,3,2,2,3
1510,1825.jpg,4,3,2,4,3,3,3
1511,1826.jpg,3,2,3,3,3,3,3
1512,1827.jpg,3,2,2,2,1,1,3
1513,1828.jpg,4,3,2,3,2,2,4
1514,1829.jpg,3,2,2,2,2,2,2
1515,1830.jpg,4,3,3,3,3,3,3
1516,1831.jpg,3,3,3,3,2,2,3
1517,1832.jpg,3,3,2,2,2,2,3
1518,1833.jpg,4,3,2,3,3,2,4
1519,1834.jpg,3,2,2,1,2,2,1
1520,1835.jpg,4,4,2,3,3,3,3
1521,1836.jpg,2,1,3,3,2,2,3
1522,1837.jpg,4,4,3,4,3,3,4
1523,1838.jpg,3,2,3,2,2,2,1
1524,1839.jpg,3,2,2,2,2,2,2
1525,1840.jpg,2,1,2,2,2,2,1
1526,1841.jpg,4,4,2,3,2,2,3
1527,1842.jpg,3,3,2,3,2,2,2
1528,1844.jpg,3,3,2,3,2,2,3
1529,1846.jpg,2,2,3,2,3,3,2
1530,1847.jpg,3,3,3,3,3,3,3
1531,1850.jpg,4,3,3,4,3,2,4
1532,1851.jpg,2,3,2,1,2,2,1
1533,1852.jpg,2,2,3,1,2,2,2
1534,1853.jpg,4,3,2,3,2,2,3
1535,1854.jpg,4,3,2,3,2,2,3
1536,1855.jpg,2,2,2,3,2,2,3
1537,1856.jpg,3,2,2,3,2,2,3
1538,1857.jpg,3,2,2,2,2,2,2
1539,1861.jpg,2,1,3,1,2,2,1
1540,1862.jpg,2,2,3,1,2,2,1
1541,1866.jpg,2,2,2,2,2,2,1
1542,1867.jpg,2,2,3,1,2,2,1
1543,1871.jpg,3,3,3,2,2,2,1
1544,1872.jpg,2,2,3,2,2,2,1
1545,1873.jpg,2,3,3,1,2,3,1
1546,1874.jpg,2,1,2,1,2,2,1
1547,1875.jpg,3,1,2,3,2,2,3
1548,1876.jpg,2,1,2,2,2,2,1
1549,1877.jpg,4,4,3,4,3,3,4
1550,1878.jpg,2,2,2,2,2,2,3
1551,1880.jpg,3,2,3,3,2,2,3
1552,1881.jpg,3,2,2,3,2,2,3
1553,1884.jpg,3,2,1,2,1,1,3
1554,1885.jpg,3,2,1,3,2,1,2
1555,1886.jpg,3,2,3,3,3,3,3
1556,1887.jpg,3,2,3,3,3,3,3
1557,1888.jpg,3,2,3,2,2,2,3
1558,1889.jpg,3,2,3,2,3,3,3
1559,1890.jpg,2,1,3,2,3,3,2
1560,1891.jpg,3,2,3,3,2,2,3
1561,1892.jpg,4,4,3,3,3,3,3
1562,1895.jpg,2,1,1,2,1,1,1
1563,1896.jpg,3,3,1,2,1,1,2
1564,1897.jpg,3,3,3,2,2,2,2
1565,1898.jpg,2,1,2,1,2,2,1
1566,1899.jpg,3,2,3,2,3,3,1
1567,1900.jpg,2,1,3,1,2,2,1
1568,1901.jpg,4,3,2,3,3,2,2
1569,1902.jpg,4,4,3,3,3,3,3
1570,1903.jpg,2,1,3,1,2,2,1
1571,1904.jpg,2,2,2,2,2,2,2
1572,1906.jpg,3,2,3,3,2,2,3
1573,1907.jpg,4,3,3,3,3,3,3
1574,1911.jpg,4,3,3,4,3,3,4
1575,1912.jpg,3,3,2,3,2,2,4
1576,1913.jpg,4,3,2,3,2,2,2
1577,1914.jpg,2,2,2,3,2,2,3
1578,1915.jpg,2,1,2,2,2,2,2
1579,1916.jpg,2,1,3,3,2,2,3
1580,1917.jpg,2,2,2,2,2,2,2
1581,1918.jpg,2,1,3,1,2,2,1
1582,1919.jpg,3,2,3,3,2,2,3
1583,1920.jpg,3,2,3,3,3,3,3
1584,1921.jpg,2,2,2,2,2,2,2
1585,1922.jpg,2,1,1,2,1,1,2
1586,1923.jpg,1,1,2,1,2,2,1
1587,1924.jpg,3,3,2,3,2,2,3
1588,1925.jpg,1,1,1,1,1,1,1
1589,1926.jpg,3,3,3,3,3,3,3
1590,1927.jpg,3,3,2,3,2,2,3
1591,1928.jpg,4,3,3,3,3,3,3
1592,1929.jpg,3,3,1,1,2,2,1
1593,1930.jpg,3,3,2,3,2,3,2
1594,1931.jpg,2,2,2,2,2,2,2
1595,1932.jpg,3,2,2,2,2,2,2
1596,1933.jpg,2,2,2,2,2,2,1
1597,1934.jpg,2,2,1,2,1,1,2
1598,1935.jpg,2,2,2,2,2,2,2
1599,1936.jpg,3,2,2,3,3,3,3
1600,1937.jpg,2,2,2,3,2,2,3
1601,1938.jpg,2,2,1,2,1,1,2
1602,1939.jpg,3,2,2,2,2,2,1
1603,1940.jpg,2,2,2,2,2,2,1
1604,1941.jpg,4,3,3,3,3,3,3
1605,1942.jpg,4,3,3,3,3,3,3
1606,1943.jpg,4,3,3,3,3,3,3
1607,1944.jpg,3,2,2,3,3,3,3
1608,1945.jpg,4,3,3,3,3,3,4
1609,1947.jpg,3,3,2,3,3,3,3
1610,1948.jpg,4,3,3,3,3,3,3
1611,1949.jpg,3,3,2,2,2,2,3
1612,1950.jpg,2,1,3,2,2,2,2
1613,1951.jpg,2,1,3,2,2,2,2
1614,1952.jpg,4,4,2,4,3,2,4
1615,1953.jpg,3,3,3,3,3,3,3
1616,1954.jpg,3,3,3,3,3,3,3
1617,1955.jpg,2,2,3,2,2,2,2
1618,1956.jpg,3,3,3,3,3,3,3
1619,1957.jpg,2,2,2,2,2,2,2
1620,1958.jpg,3,3,2,2,2,2,2
1621,1959.jpg,4,3,3,3,3,3,3
1622,1960.jpg,3,3,2,3,2,2,3
1623,1962.jpg,3,3,3,3,3,3,3
1624,1970.jpg,3,2,3,3,3,3,3
1625,1971.jpg,3,2,3,3,3,3,3
1626,1972.jpg,4,3,3,4,3,3,4
1627,1973.jpg,3,3,3,3,2,2,3
1628,1974.jpg,4,3,3,3,3,3,3
1629,1975.jpg,4,3,3,3,3,3,3
1630,1976.jpg,4,4,4,4,4,4,4
1631,1977.jpg,4,4,4,4,4,4,4
1632,1978.jpg,4,4,4,4,4,4,4
1633,1980.jpg,4,4,3,4,4,3,4
1634,1981.jpg,4,4,3,3,4,3,4
1635,1983.jpg,3,3,2,3,2,2,3
1636,1984.jpg,3,3,2,3,2,2,3
1637,1985.jpg,3,3,2,3,2,2,2
1638,1986.jpg,4,3,3,3,3,3,3
1639,1990.jpg,3,2,3,3,2,2,3
1640,1992.jpg,4,3,3,4,4,3,4
1641,1993.jpg,4,4,3,4,3,3,4
1642,1996.jpg,2,2,3,2,2,2,1
1643,1997.jpg,2,1,3,3,2,2,3
1644,1998.jpg,2,2,3,3,2,2,2
1645,1999.jpg,2,2,2,3,2,2,3
